areaCode,areaName,areaType,date,newCasesBySpecimenDate,newCasesInUK,newCasesAsPercentageOfUK
E08000003,Manchester,ltla,2021-10-02,32,25866,0.123714529
E08000003,Manchester,ltla,2021-10-01,137,28580,0.479356193
E08000003,Manchester,ltla,2021-09-30,183,32002,0.57183926
E08000003,Manchester,ltla,2021-09-29,175,34294,0.510293346
E08000003,Manchester,ltla,2021-09-28,207,35912,0.576409
E08000003,Manchester,ltla,2021-09-27,238,40905,0.581835961
E08000003,Manchester,ltla,2021-09-26,128,31515,0.406155799
E08000003,Manchester,ltla,2021-09-25,109,27854,0.391326201
E08000003,Manchester,ltla,2021-09-24,180,31595,0.569710397
E08000003,Manchester,ltla,2021-09-23,172,35216,0.488414357
E08000003,Manchester,ltla,2021-09-22,176,36149,0.486873772
E08000003,Manchester,ltla,2021-09-21,173,38266,0.452098469
E08000003,Manchester,ltla,2021-09-20,220,40106,0.548546352
E08000003,Manchester,ltla,2021-09-19,138,30544,0.451807229
E08000003,Manchester,ltla,2021-09-18,141,26304,0.536040146
E08000003,Manchester,ltla,2021-09-17,146,29060,0.502408809
E08000003,Manchester,ltla,2021-09-16,200,29176,0.685494927
E08000003,Manchester,ltla,2021-09-15,152,29948,0.507546414
E08000003,Manchester,ltla,2021-09-14,187,30940,0.604395604
E08000003,Manchester,ltla,2021-09-13,189,34118,0.553959787
E08000003,Manchester,ltla,2021-09-12,141,23671,0.595665582
E08000003,Manchester,ltla,2021-09-11,129,23204,0.555938631
E08000003,Manchester,ltla,2021-09-10,181,28727,0.630069273
E08000003,Manchester,ltla,2021-09-09,229,33410,0.685423526
E08000003,Manchester,ltla,2021-09-08,250,35239,0.709441244
E08000003,Manchester,ltla,2021-09-07,240,38020,0.631246712
E08000003,Manchester,ltla,2021-09-06,301,44146,0.681828478
E08000003,Manchester,ltla,2021-09-05,218,31254,0.697510719
E08000003,Manchester,ltla,2021-09-04,200,31365,0.637653435
E08000003,Manchester,ltla,2021-09-03,243,38022,0.639103677
E08000003,Manchester,ltla,2021-09-02,298,41626,0.715898717
E08000003,Manchester,ltla,2021-09-01,302,42836,0.705014474
E08000003,Manchester,ltla,2021-08-31,296,44481,0.665452665
E08000003,Manchester,ltla,2021-08-30,191,34176,0.558871723
E08000003,Manchester,ltla,2021-08-29,161,25697,0.62653228
E08000003,Manchester,ltla,2021-08-28,141,27165,0.519050248
E08000003,Manchester,ltla,2021-08-27,218,33182,0.656982701
E08000003,Manchester,ltla,2021-08-26,257,36985,0.694876301
E08000003,Manchester,ltla,2021-08-25,283,38098,0.742821145
E08000003,Manchester,ltla,2021-08-24,256,37024,0.691443388
E08000003,Manchester,ltla,2021-08-23,255,39042,0.653142769
E08000003,Manchester,ltla,2021-08-22,193,28299,0.682002898
E08000003,Manchester,ltla,2021-08-21,219,28091,0.779609127
E08000003,Manchester,ltla,2021-08-20,237,31673,0.748271398
E08000003,Manchester,ltla,2021-08-19,288,35833,0.803728407
E08000003,Manchester,ltla,2021-08-18,307,38012,0.807639693
E08000003,Manchester,ltla,2021-08-17,263,37188,0.707217382
E08000003,Manchester,ltla,2021-08-16,321,36193,0.886911834
E08000003,Manchester,ltla,2021-08-15,194,24923,0.778397464
E08000003,Manchester,ltla,2021-08-14,199,24646,0.807433255
E08000003,Manchester,ltla,2021-08-13,239,28448,0.840129359
E08000003,Manchester,ltla,2021-08-12,310,31130,0.995823964
E08000003,Manchester,ltla,2021-08-11,292,32739,0.891902624
E08000003,Manchester,ltla,2021-08-10,314,30931,1.015162782
E08000003,Manchester,ltla,2021-08-09,315,31533,0.998953477
E08000003,Manchester,ltla,2021-08-08,210,22418,0.936747257
E08000003,Manchester,ltla,2021-08-07,226,22114,1.021977028
E08000003,Manchester,ltla,2021-08-06,246,27542,0.893181323
E08000003,Manchester,ltla,2021-08-05,302,31082,0.971623448
E08000003,Manchester,ltla,2021-08-04,324,31727,1.021212217
E08000003,Manchester,ltla,2021-08-03,331,29819,1.110030517
E08000003,Manchester,ltla,2021-08-02,335,29276,1.144282006
E08000003,Manchester,ltla,2021-08-01,183,20513,0.892117194
E08000003,Manchester,ltla,2021-07-31,197,20153,0.977521957
E08000003,Manchester,ltla,2021-07-30,248,24283,1.021290615
E08000003,Manchester,ltla,2021-07-29,320,27908,1.146624624
E08000003,Manchester,ltla,2021-07-28,342,29663,1.152951488
E08000003,Manchester,ltla,2021-07-27,274,29046,0.943331268
E08000003,Manchester,ltla,2021-07-26,318,29398,1.081706239
E08000003,Manchester,ltla,2021-07-25,225,21776,1.033247612
E08000003,Manchester,ltla,2021-07-24,218,22481,0.969707753
E08000003,Manchester,ltla,2021-07-23,258,27278,0.945817142
E08000003,Manchester,ltla,2021-07-22,284,30749,0.923607272
E08000003,Manchester,ltla,2021-07-21,350,34930,1.002004008
E08000003,Manchester,ltla,2021-07-20,368,39067,0.941971485
E08000003,Manchester,ltla,2021-07-19,442,46905,0.942330242
E08000003,Manchester,ltla,2021-07-18,307,35504,0.864691302
E08000003,Manchester,ltla,2021-07-17,360,37854,0.951022349
E08000003,Manchester,ltla,2021-07-16,547,54241,1.008462233
E08000003,Manchester,ltla,2021-07-15,535,60764,0.880455533
E08000003,Manchester,ltla,2021-07-14,560,53833,1.040254119
E08000003,Manchester,ltla,2021-07-13,477,46735,1.020648336
E08000003,Manchester,ltla,2021-07-12,430,43648,0.985153959
E08000003,Manchester,ltla,2021-07-11,331,30027,1.102341226
E08000003,Manchester,ltla,2021-07-10,334,27878,1.198077337
E08000003,Manchester,ltla,2021-07-09,381,32222,1.182421948
E08000003,Manchester,ltla,2021-07-08,424,33353,1.271249963
E08000003,Manchester,ltla,2021-07-07,453,37819,1.197810624
E08000003,Manchester,ltla,2021-07-06,430,35367,1.21582266
E08000003,Manchester,ltla,2021-07-05,427,34200,1.248538012
E08000003,Manchester,ltla,2021-07-04,314,24672,1.272697795
E08000003,Manchester,ltla,2021-07-03,324,23567,1.374803751
E08000003,Manchester,ltla,2021-07-02,389,25785,1.508629048
E08000003,Manchester,ltla,2021-07-01,483,28116,1.717883056
E08000003,Manchester,ltla,2021-06-30,495,28331,1.747202711
E08000003,Manchester,ltla,2021-06-29,501,27594,1.81561209
E08000003,Manchester,ltla,2021-06-28,522,27747,1.881284463
E08000003,Manchester,ltla,2021-06-27,303,18128,1.671447485
E08000003,Manchester,ltla,2021-06-26,319,15972,1.997245179
E08000003,Manchester,ltla,2021-06-25,398,17779,2.238596097
E08000003,Manchester,ltla,2021-06-24,377,18300,2.06010929
E08000003,Manchester,ltla,2021-06-23,394,17909,2.200011168
E08000003,Manchester,ltla,2021-06-22,441,17007,2.593049921
E08000003,Manchester,ltla,2021-06-21,408,15958,2.556711367
E08000003,Manchester,ltla,2021-06-20,241,9872,2.441247974
E08000003,Manchester,ltla,2021-06-19,250,8255,3.028467595
E08000003,Manchester,ltla,2021-06-18,294,10053,2.924500149
E08000003,Manchester,ltla,2021-06-17,354,10773,3.28599276
E08000003,Manchester,ltla,2021-06-16,316,10772,2.933531378
E08000003,Manchester,ltla,2021-06-15,340,10504,3.236862148
E08000003,Manchester,ltla,2021-06-14,324,10106,3.206016228
E08000003,Manchester,ltla,2021-06-13,210,6954,3.019844694
E08000003,Manchester,ltla,2021-06-12,206,6116,3.368214519
E08000003,Manchester,ltla,2021-06-11,263,7442,3.533996238
E08000003,Manchester,ltla,2021-06-10,272,7840,3.469387755
E08000003,Manchester,ltla,2021-06-09,267,8002,3.336665834
E08000003,Manchester,ltla,2021-06-08,312,7675,4.06514658
E08000003,Manchester,ltla,2021-06-07,297,7743,3.835722588
E08000003,Manchester,ltla,2021-06-06,182,5405,3.367252544
E08000003,Manchester,ltla,2021-06-05,149,4623,3.223015358
E08000003,Manchester,ltla,2021-06-04,191,5706,3.347353663
E08000003,Manchester,ltla,2021-06-03,230,6100,3.770491803
E08000003,Manchester,ltla,2021-06-02,221,6049,3.653496446
E08000003,Manchester,ltla,2021-06-01,223,5235,4.259789876
E08000003,Manchester,ltla,2021-05-31,143,3781,3.782068236
E08000003,Manchester,ltla,2021-05-30,114,3094,3.684550743
E08000003,Manchester,ltla,2021-05-29,124,2933,4.227753154
E08000003,Manchester,ltla,2021-05-28,108,3490,3.094555874
E08000003,Manchester,ltla,2021-05-27,122,3639,3.352569387
E08000003,Manchester,ltla,2021-05-26,98,3800,2.578947368
E08000003,Manchester,ltla,2021-05-25,96,3308,2.902055623
E08000003,Manchester,ltla,2021-05-24,100,3237,3.089280198
E08000003,Manchester,ltla,2021-05-23,52,2242,2.319357716
E08000003,Manchester,ltla,2021-05-22,40,1926,2.076843198
E08000003,Manchester,ltla,2021-05-21,51,2294,2.223190933
E08000003,Manchester,ltla,2021-05-20,58,2425,2.391752577
E08000003,Manchester,ltla,2021-05-19,50,2713,1.842978253
E08000003,Manchester,ltla,2021-05-18,86,2708,3.17577548
E08000003,Manchester,ltla,2021-05-17,51,2766,1.843817787
E08000003,Manchester,ltla,2021-05-16,31,1853,1.672962763
E08000003,Manchester,ltla,2021-05-15,23,1582,1.453855879
E08000003,Manchester,ltla,2021-05-14,32,1850,1.72972973
E08000003,Manchester,ltla,2021-05-13,24,2096,1.145038168
E08000003,Manchester,ltla,2021-05-12,44,2231,1.972209771
E08000003,Manchester,ltla,2021-05-11,31,2200,1.409090909
E08000003,Manchester,ltla,2021-05-10,61,2658,2.294958616
E08000003,Manchester,ltla,2021-05-09,35,2172,1.611418048
E08000003,Manchester,ltla,2021-05-08,20,1511,1.323626737
E08000003,Manchester,ltla,2021-05-07,25,1883,1.327668614
E08000003,Manchester,ltla,2021-05-06,36,2166,1.662049861
E08000003,Manchester,ltla,2021-05-05,39,2398,1.626355296
E08000003,Manchester,ltla,2021-05-04,35,2405,1.455301455
E08000003,Manchester,ltla,2021-05-03,30,1971,1.522070015
E08000003,Manchester,ltla,2021-05-02,21,1426,1.472650771
E08000003,Manchester,ltla,2021-05-01,22,1356,1.622418879
E08000003,Manchester,ltla,2021-04-30,20,1705,1.173020528
E08000003,Manchester,ltla,2021-04-29,25,2083,1.200192031
E08000003,Manchester,ltla,2021-04-28,34,2360,1.440677966
E08000003,Manchester,ltla,2021-04-27,31,2058,1.506316812
E08000003,Manchester,ltla,2021-04-26,26,2444,1.063829787
E08000003,Manchester,ltla,2021-04-25,28,1992,1.40562249
E08000003,Manchester,ltla,2021-04-24,18,1464,1.229508197
E08000003,Manchester,ltla,2021-04-23,19,1891,1.004759387
E08000003,Manchester,ltla,2021-04-22,28,2254,1.242236025
E08000003,Manchester,ltla,2021-04-21,39,2543,1.533621707
E08000003,Manchester,ltla,2021-04-20,43,2367,1.816645543
E08000003,Manchester,ltla,2021-04-19,38,2602,1.460415065
E08000003,Manchester,ltla,2021-04-18,48,2438,1.968826907
E08000003,Manchester,ltla,2021-04-17,31,1638,1.892551893
E08000003,Manchester,ltla,2021-04-16,38,2353,1.614959626
E08000003,Manchester,ltla,2021-04-15,34,2187,1.554641061
E08000003,Manchester,ltla,2021-04-14,23,2405,0.956340956
E08000003,Manchester,ltla,2021-04-13,46,2334,1.970865467
E08000003,Manchester,ltla,2021-04-12,54,2714,1.989683125
E08000003,Manchester,ltla,2021-04-11,32,2258,1.417183348
E08000003,Manchester,ltla,2021-04-10,37,2259,1.637892873
E08000003,Manchester,ltla,2021-04-09,55,2785,1.97486535
E08000003,Manchester,ltla,2021-04-08,50,2982,1.676727029
E08000003,Manchester,ltla,2021-04-07,46,3082,1.492537313
E08000003,Manchester,ltla,2021-04-06,43,3117,1.379531601
E08000003,Manchester,ltla,2021-04-05,38,2617,1.452044326
E08000003,Manchester,ltla,2021-04-04,31,2293,1.351940689
E08000003,Manchester,ltla,2021-04-03,27,2404,1.12312812
E08000003,Manchester,ltla,2021-04-02,46,2625,1.752380952
E08000003,Manchester,ltla,2021-04-01,56,3472,1.612903226
E08000003,Manchester,ltla,2021-03-31,51,3771,1.352426412
E08000003,Manchester,ltla,2021-03-30,66,3596,1.835372636
E08000003,Manchester,ltla,2021-03-29,71,3968,1.789314516
E08000003,Manchester,ltla,2021-03-28,64,4658,1.373980249
E08000003,Manchester,ltla,2021-03-27,50,3541,1.4120305
E08000003,Manchester,ltla,2021-03-26,78,4391,1.776360738
E08000003,Manchester,ltla,2021-03-25,78,5402,1.443909663
E08000003,Manchester,ltla,2021-03-24,99,6015,1.645885287
E08000003,Manchester,ltla,2021-03-23,71,5262,1.349296845
E08000003,Manchester,ltla,2021-03-22,90,6203,1.45091085
E08000003,Manchester,ltla,2021-03-21,77,5233,1.471431301
E08000003,Manchester,ltla,2021-03-20,65,4102,1.584592882
E08000003,Manchester,ltla,2021-03-19,63,4997,1.260756454
E08000003,Manchester,ltla,2021-03-18,63,5477,1.150264743
E08000003,Manchester,ltla,2021-03-17,65,5770,1.126516464
E08000003,Manchester,ltla,2021-03-16,84,5675,1.480176211
E08000003,Manchester,ltla,2021-03-15,96,6504,1.47601476
E08000003,Manchester,ltla,2021-03-14,59,4301,1.371774006
E08000003,Manchester,ltla,2021-03-13,60,4246,1.413094677
E08000003,Manchester,ltla,2021-03-12,72,5590,1.288014311
E08000003,Manchester,ltla,2021-03-11,69,5770,1.195840555
E08000003,Manchester,ltla,2021-03-10,96,6038,1.589930441
E08000003,Manchester,ltla,2021-03-09,81,6228,1.300578035
E08000003,Manchester,ltla,2021-03-08,84,6643,1.264488936
E08000003,Manchester,ltla,2021-03-07,54,4284,1.260504202
E08000003,Manchester,ltla,2021-03-06,57,4505,1.265260821
E08000003,Manchester,ltla,2021-03-05,57,5299,1.075674656
E08000003,Manchester,ltla,2021-03-04,66,5726,1.152637094
E08000003,Manchester,ltla,2021-03-03,60,5974,1.004352193
E08000003,Manchester,ltla,2021-03-02,83,6655,1.247182569
E08000003,Manchester,ltla,2021-03-01,54,6875,0.785454545
E08000003,Manchester,ltla,2021-02-28,42,4714,0.890963089
E08000003,Manchester,ltla,2021-02-27,73,4815,1.516095535
E08000003,Manchester,ltla,2021-02-26,98,6565,1.492764661
E08000003,Manchester,ltla,2021-02-25,86,7721,1.113845357
E08000003,Manchester,ltla,2021-02-24,100,8544,1.170411985
E08000003,Manchester,ltla,2021-02-23,96,9380,1.023454158
E08000003,Manchester,ltla,2021-02-22,134,11240,1.192170819
E08000003,Manchester,ltla,2021-02-21,126,7868,1.601423488
E08000003,Manchester,ltla,2021-02-20,113,8053,1.403203775
E08000003,Manchester,ltla,2021-02-19,129,10384,1.24229584
E08000003,Manchester,ltla,2021-02-18,106,11411,0.928928227
E08000003,Manchester,ltla,2021-02-17,160,11561,1.383963325
E08000003,Manchester,ltla,2021-02-16,163,12483,1.305775855
E08000003,Manchester,ltla,2021-02-15,161,14267,1.128478307
E08000003,Manchester,ltla,2021-02-14,123,8753,1.405232492
E08000003,Manchester,ltla,2021-02-13,96,8758,1.096140671
E08000003,Manchester,ltla,2021-02-12,142,12162,1.167571123
E08000003,Manchester,ltla,2021-02-11,183,12737,1.436759048
E08000003,Manchester,ltla,2021-02-10,137,13480,1.016320475
E08000003,Manchester,ltla,2021-02-09,150,13796,1.087271673
E08000003,Manchester,ltla,2021-02-08,186,15704,1.184411615
E08000003,Manchester,ltla,2021-02-07,135,11373,1.187021894
E08000003,Manchester,ltla,2021-02-06,124,11957,1.037049427
E08000003,Manchester,ltla,2021-02-05,158,15844,0.997222924
E08000003,Manchester,ltla,2021-02-04,232,17955,1.292119187
E08000003,Manchester,ltla,2021-02-03,200,19393,1.031299954
E08000003,Manchester,ltla,2021-02-02,208,19752,1.053057918
E08000003,Manchester,ltla,2021-02-01,253,22326,1.133207919
E08000003,Manchester,ltla,2021-01-31,168,15365,1.093394077
E08000003,Manchester,ltla,2021-01-30,199,16665,1.194119412
E08000003,Manchester,ltla,2021-01-29,237,21767,1.088804153
E08000003,Manchester,ltla,2021-01-28,227,24131,0.940698686
E08000003,Manchester,ltla,2021-01-27,242,25669,0.942771436
E08000003,Manchester,ltla,2021-01-26,257,26964,0.953122682
E08000003,Manchester,ltla,2021-01-25,286,29897,0.956617721
E08000003,Manchester,ltla,2021-01-24,200,17151,1.166112763
E08000003,Manchester,ltla,2021-01-23,182,21818,0.834173618
E08000003,Manchester,ltla,2021-01-22,265,29516,0.897818133
E08000003,Manchester,ltla,2021-01-21,275,31648,0.868933266
E08000003,Manchester,ltla,2021-01-20,277,35064,0.789984029
E08000003,Manchester,ltla,2021-01-19,317,39454,0.803467329
E08000003,Manchester,ltla,2021-01-18,311,44755,0.694894425
E08000003,Manchester,ltla,2021-01-17,271,28836,0.939797475
E08000003,Manchester,ltla,2021-01-16,266,30518,0.871616751
E08000003,Manchester,ltla,2021-01-15,330,40374,0.817357705
E08000003,Manchester,ltla,2021-01-14,378,42374,0.89205645
E08000003,Manchester,ltla,2021-01-13,349,45389,0.768908766
E08000003,Manchester,ltla,2021-01-12,377,49365,0.763698977
E08000003,Manchester,ltla,2021-01-11,452,57093,0.79169075
E08000003,Manchester,ltla,2021-01-10,321,36330,0.8835673
E08000003,Manchester,ltla,2021-01-09,281,39081,0.719019472
E08000003,Manchester,ltla,2021-01-08,343,46975,0.730175625
E08000003,Manchester,ltla,2021-01-07,376,51949,0.723786791
E08000003,Manchester,ltla,2021-01-06,402,57374,0.700665807
E08000003,Manchester,ltla,2021-01-05,529,65078,0.812870709
E08000003,Manchester,ltla,2021-01-04,472,76146,0.619861844
E08000003,Manchester,ltla,2021-01-03,383,55162,0.694318553
E08000003,Manchester,ltla,2021-01-02,318,60421,0.526307079
E08000003,Manchester,ltla,2021-01-01,171,31831,0.537212152
E08000003,Manchester,ltla,2020-12-31,308,52781,0.583543321
E08000003,Manchester,ltla,2020-12-30,357,70746,0.504622169
E08000003,Manchester,ltla,2020-12-29,351,81483,0.430764699
E08000003,Manchester,ltla,2020-12-28,262,45573,0.574901806
E08000003,Manchester,ltla,2020-12-27,213,47689,0.44664388
E08000003,Manchester,ltla,2020-12-26,145,40365,0.359222098
E08000003,Manchester,ltla,2020-12-25,62,14170,0.437544107
E08000003,Manchester,ltla,2020-12-24,143,31799,0.449699676
E08000003,Manchester,ltla,2020-12-23,152,42161,0.360522758
E08000003,Manchester,ltla,2020-12-22,185,45650,0.405257393
E08000003,Manchester,ltla,2020-12-21,218,47360,0.460304054
E08000003,Manchester,ltla,2020-12-20,155,32441,0.47779045
E08000003,Manchester,ltla,2020-12-19,107,25141,0.425599618
E08000003,Manchester,ltla,2020-12-18,172,35829,0.480058054
E08000003,Manchester,ltla,2020-12-17,140,33892,0.413076832
E08000003,Manchester,ltla,2020-12-16,163,34902,0.467021947
E08000003,Manchester,ltla,2020-12-15,156,33832,0.461101915
E08000003,Manchester,ltla,2020-12-14,187,34697,0.538951494
E08000003,Manchester,ltla,2020-12-13,103,21980,0.468607825
E08000003,Manchester,ltla,2020-12-12,90,19350,0.465116279
E08000003,Manchester,ltla,2020-12-11,123,24048,0.511477046
E08000003,Manchester,ltla,2020-12-10,139,22599,0.615071463
E08000003,Manchester,ltla,2020-12-09,162,21602,0.749930562
E08000003,Manchester,ltla,2020-12-08,177,20775,0.85198556
E08000003,Manchester,ltla,2020-12-07,171,21317,0.802176667
E08000003,Manchester,ltla,2020-12-06,99,13573,0.729389229
E08000003,Manchester,ltla,2020-12-05,100,12730,0.785545954
E08000003,Manchester,ltla,2020-12-04,124,15656,0.792028615
E08000003,Manchester,ltla,2020-12-03,128,15625,0.8192
E08000003,Manchester,ltla,2020-12-02,159,16475,0.965098634
E08000003,Manchester,ltla,2020-12-01,181,16445,1.100638492
E08000003,Manchester,ltla,2020-11-30,158,18002,0.877680258
E08000003,Manchester,ltla,2020-11-29,91,10679,0.852139713
E08000003,Manchester,ltla,2020-11-28,95,10959,0.866867415
E08000003,Manchester,ltla,2020-11-27,135,14367,0.939653372
E08000003,Manchester,ltla,2020-11-26,161,14565,1.105389633
E08000003,Manchester,ltla,2020-11-25,160,16609,0.963333133
E08000003,Manchester,ltla,2020-11-24,169,16450,1.027355623
E08000003,Manchester,ltla,2020-11-23,185,18766,0.985825429
E08000003,Manchester,ltla,2020-11-22,141,11731,1.201943568
E08000003,Manchester,ltla,2020-11-21,114,12348,0.923226433
E08000003,Manchester,ltla,2020-11-20,193,16842,1.145944662
E08000003,Manchester,ltla,2020-11-19,190,17744,1.070784491
E08000003,Manchester,ltla,2020-11-18,229,20745,1.103880453
E08000003,Manchester,ltla,2020-11-17,224,23156,0.967351874
E08000003,Manchester,ltla,2020-11-16,282,26569,1.061387331
E08000003,Manchester,ltla,2020-11-15,178,16019,1.111180473
E08000003,Manchester,ltla,2020-11-14,206,17987,1.145271585
E08000003,Manchester,ltla,2020-11-13,290,24025,1.207075963
E08000003,Manchester,ltla,2020-11-12,291,24459,1.189746106
E08000003,Manchester,ltla,2020-11-11,350,27346,1.279894683
E08000003,Manchester,ltla,2020-11-10,329,27408,1.200379451
E08000003,Manchester,ltla,2020-11-09,374,31041,1.204858091
E08000003,Manchester,ltla,2020-11-08,246,19953,1.232897309
E08000003,Manchester,ltla,2020-11-07,245,18513,1.323394372
E08000003,Manchester,ltla,2020-11-06,339,23321,1.453625488
E08000003,Manchester,ltla,2020-11-05,327,23732,1.377886398
E08000003,Manchester,ltla,2020-11-04,361,23670,1.525137305
E08000003,Manchester,ltla,2020-11-03,378,25576,1.477948076
E08000003,Manchester,ltla,2020-11-02,520,31504,1.650584053
E08000003,Manchester,ltla,2020-11-01,250,15749,1.587402375
E08000003,Manchester,ltla,2020-10-31,273,16478,1.65675446
E08000003,Manchester,ltla,2020-10-30,425,22648,1.87654539
E08000003,Manchester,ltla,2020-10-29,420,23330,1.80025718
E08000003,Manchester,ltla,2020-10-28,408,23603,1.728593823
E08000003,Manchester,ltla,2020-10-27,443,24077,1.839930224
E08000003,Manchester,ltla,2020-10-26,493,26537,1.857783472
E08000003,Manchester,ltla,2020-10-25,276,15716,1.756172054
E08000003,Manchester,ltla,2020-10-24,284,16221,1.750816842
E08000003,Manchester,ltla,2020-10-23,409,21450,1.906759907
E08000003,Manchester,ltla,2020-10-22,441,23221,1.899143017
E08000003,Manchester,ltla,2020-10-21,465,25418,1.829412228
E08000003,Manchester,ltla,2020-10-20,531,25304,2.098482453
E08000003,Manchester,ltla,2020-10-19,516,25599,2.015703738
E08000003,Manchester,ltla,2020-10-18,281,14184,1.981105471
E08000003,Manchester,ltla,2020-10-17,288,14748,1.95280716
E08000003,Manchester,ltla,2020-10-16,375,17703,2.118285036
E08000003,Manchester,ltla,2020-10-15,387,18416,2.101433536
E08000003,Manchester,ltla,2020-10-14,453,19687,2.301010819
E08000003,Manchester,ltla,2020-10-13,419,18877,2.219632357
E08000003,Manchester,ltla,2020-10-12,403,19416,2.075607746
E08000003,Manchester,ltla,2020-10-11,234,12056,1.940942269
E08000003,Manchester,ltla,2020-10-10,297,12499,2.376190095
E08000003,Manchester,ltla,2020-10-09,417,15712,2.654022403
E08000003,Manchester,ltla,2020-10-08,440,18223,2.414531087
E08000003,Manchester,ltla,2020-10-07,504,18304,2.753496503
E08000003,Manchester,ltla,2020-10-06,544,17046,3.191364543
E08000003,Manchester,ltla,2020-10-05,514,16540,3.107617896
E08000003,Manchester,ltla,2020-10-04,326,11793,2.764351734
E08000003,Manchester,ltla,2020-10-03,423,11519,3.672193767
E08000003,Manchester,ltla,2020-10-02,614,13680,4.488304094
E08000003,Manchester,ltla,2020-10-01,654,13182,4.961310878
E08000003,Manchester,ltla,2020-09-30,931,12554,7.41596304
E08000003,Manchester,ltla,2020-09-29,694,10224,6.787949922
E08000003,Manchester,ltla,2020-09-28,594,9918,5.989110708
E08000003,Manchester,ltla,2020-09-27,550,6970,7.890961263
E08000003,Manchester,ltla,2020-09-26,385,6744,5.708778173
E08000003,Manchester,ltla,2020-09-25,435,7235,6.01243953
E08000003,Manchester,ltla,2020-09-24,359,7600,4.723684211
E08000003,Manchester,ltla,2020-09-23,354,7048,5.022701476
E08000003,Manchester,ltla,2020-09-22,270,6399,4.219409283
E08000003,Manchester,ltla,2020-09-21,176,5595,3.145665773
E08000003,Manchester,ltla,2020-09-20,194,5313,3.651421043
E08000003,Manchester,ltla,2020-09-19,203,4845,4.189886481
E08000003,Manchester,ltla,2020-09-18,169,4953,3.412073491
E08000003,Manchester,ltla,2020-09-17,170,4617,3.682044618
E08000003,Manchester,ltla,2020-09-16,180,4348,4.139834407
E08000003,Manchester,ltla,2020-09-15,120,3537,3.392705683
E08000003,Manchester,ltla,2020-09-14,98,3379,2.900266351
E08000003,Manchester,ltla,2020-09-13,37,2129,1.73790512
E08000003,Manchester,ltla,2020-09-12,64,2655,2.410546139
E08000003,Manchester,ltla,2020-09-11,85,3280,2.591463415
E08000003,Manchester,ltla,2020-09-10,69,3578,1.928451649
E08000003,Manchester,ltla,2020-09-09,67,3328,2.013221154
E08000003,Manchester,ltla,2020-09-08,70,3303,2.119285498
E08000003,Manchester,ltla,2020-09-07,83,3857,2.151931553
E08000003,Manchester,ltla,2020-09-06,42,2440,1.721311475
E08000003,Manchester,ltla,2020-09-05,71,2540,2.795275591
E08000003,Manchester,ltla,2020-09-04,80,3037,2.634178466
E08000003,Manchester,ltla,2020-09-03,62,3094,2.003878474
E08000003,Manchester,ltla,2020-09-02,67,2994,2.237808951
E08000003,Manchester,ltla,2020-09-01,55,2249,2.445531347
E08000003,Manchester,ltla,2020-08-31,26,1500,1.733333333
E08000003,Manchester,ltla,2020-08-30,24,1159,2.070750647
E08000003,Manchester,ltla,2020-08-29,34,1220,2.786885246
E08000003,Manchester,ltla,2020-08-28,48,1623,2.957486137
E08000003,Manchester,ltla,2020-08-27,40,1549,2.582311168
E08000003,Manchester,ltla,2020-08-26,34,1348,2.522255193
E08000003,Manchester,ltla,2020-08-25,32,1245,2.570281124
E08000003,Manchester,ltla,2020-08-24,35,1272,2.751572327
E08000003,Manchester,ltla,2020-08-23,12,825,1.454545455
E08000003,Manchester,ltla,2020-08-22,32,824,3.883495146
E08000003,Manchester,ltla,2020-08-21,41,1197,3.425229741
E08000003,Manchester,ltla,2020-08-20,44,1459,3.015764222
E08000003,Manchester,ltla,2020-08-19,40,1240,3.225806452
E08000003,Manchester,ltla,2020-08-18,32,1082,2.957486137
E08000003,Manchester,ltla,2020-08-17,41,1278,3.208137715
E08000003,Manchester,ltla,2020-08-16,25,598,4.180602007
E08000003,Manchester,ltla,2020-08-15,32,693,4.617604618
E08000003,Manchester,ltla,2020-08-14,34,1161,2.928509905
E08000003,Manchester,ltla,2020-08-13,43,1139,3.77524144
E08000003,Manchester,ltla,2020-08-12,48,1206,3.980099502
E08000003,Manchester,ltla,2020-08-11,51,1340,3.805970149
E08000003,Manchester,ltla,2020-08-10,40,1468,2.72479564
E08000003,Manchester,ltla,2020-08-09,21,614,3.42019544
E08000003,Manchester,ltla,2020-08-08,33,695,4.748201439
E08000003,Manchester,ltla,2020-08-07,24,944,2.542372881
E08000003,Manchester,ltla,2020-08-06,29,1080,2.685185185
E08000003,Manchester,ltla,2020-08-05,36,1057,3.405865658
E08000003,Manchester,ltla,2020-08-04,33,1018,3.241650295
E08000003,Manchester,ltla,2020-08-03,36,1035,3.47826087
E08000003,Manchester,ltla,2020-08-02,18,554,3.249097473
E08000003,Manchester,ltla,2020-08-01,18,543,3.314917127
E08000003,Manchester,ltla,2020-07-31,20,677,2.954209749
E08000003,Manchester,ltla,2020-07-30,29,925,3.135135135
E08000003,Manchester,ltla,2020-07-29,39,1037,3.760848602
E08000003,Manchester,ltla,2020-07-28,35,841,4.161712247
E08000003,Manchester,ltla,2020-07-27,32,855,3.742690058
E08000003,Manchester,ltla,2020-07-26,17,558,3.046594982
E08000003,Manchester,ltla,2020-07-25,27,523,5.162523901
E08000003,Manchester,ltla,2020-07-24,22,773,2.846054334
E08000003,Manchester,ltla,2020-07-23,26,794,3.274559194
E08000003,Manchester,ltla,2020-07-22,18,794,2.267002519
E08000003,Manchester,ltla,2020-07-21,14,781,1.792573624
E08000003,Manchester,ltla,2020-07-20,16,812,1.97044335
E08000003,Manchester,ltla,2020-07-19,14,443,3.16027088
E08000003,Manchester,ltla,2020-07-18,9,497,1.810865191
E08000003,Manchester,ltla,2020-07-17,6,580,1.034482759
E08000003,Manchester,ltla,2020-07-16,11,706,1.558073654
E08000003,Manchester,ltla,2020-07-15,15,774,1.937984496
E08000003,Manchester,ltla,2020-07-14,9,693,1.298701299
E08000003,Manchester,ltla,2020-07-13,16,733,2.182810368
E08000003,Manchester,ltla,2020-07-12,9,369,2.43902439
E08000003,Manchester,ltla,2020-07-11,8,446,1.793721973
E08000003,Manchester,ltla,2020-07-10,14,566,2.473498233
E08000003,Manchester,ltla,2020-07-09,7,718,0.974930362
E08000003,Manchester,ltla,2020-07-08,18,702,2.564102564
E08000003,Manchester,ltla,2020-07-07,8,604,1.324503311
E08000003,Manchester,ltla,2020-07-06,13,703,1.849217639
E08000003,Manchester,ltla,2020-07-05,6,556,1.079136691
E08000003,Manchester,ltla,2020-07-04,12,401,2.992518703
E08000003,Manchester,ltla,2020-07-03,14,574,2.43902439
E08000003,Manchester,ltla,2020-07-02,16,608,2.631578947
E08000003,Manchester,ltla,2020-07-01,14,657,2.130898021
E08000003,Manchester,ltla,2020-06-30,7,617,1.13452188
E08000003,Manchester,ltla,2020-06-29,10,729,1.371742112
E08000003,Manchester,ltla,2020-06-28,9,446,2.01793722
E08000003,Manchester,ltla,2020-06-27,18,652,2.760736196
E08000003,Manchester,ltla,2020-06-26,11,669,1.644245142
E08000003,Manchester,ltla,2020-06-25,14,721,1.941747573
E08000003,Manchester,ltla,2020-06-24,20,775,2.580645161
E08000003,Manchester,ltla,2020-06-23,12,888,1.351351351
E08000003,Manchester,ltla,2020-06-22,16,894,1.789709172
E08000003,Manchester,ltla,2020-06-21,6,638,0.940438871
E08000003,Manchester,ltla,2020-06-20,15,686,2.186588921
E08000003,Manchester,ltla,2020-06-19,17,994,1.710261569
E08000003,Manchester,ltla,2020-06-18,26,1025,2.536585366
E08000003,Manchester,ltla,2020-06-17,20,1012,1.976284585
E08000003,Manchester,ltla,2020-06-16,19,1104,1.721014493
E08000003,Manchester,ltla,2020-06-15,16,1041,1.53698367
E08000003,Manchester,ltla,2020-06-14,19,819,2.31990232
E08000003,Manchester,ltla,2020-06-13,14,887,1.578354002
E08000003,Manchester,ltla,2020-06-12,14,1060,1.320754717
E08000003,Manchester,ltla,2020-06-11,19,1010,1.881188119
E08000003,Manchester,ltla,2020-06-10,14,1191,1.175482788
E08000003,Manchester,ltla,2020-06-09,16,1155,1.385281385
E08000003,Manchester,ltla,2020-06-08,18,1096,1.642335766
E08000003,Manchester,ltla,2020-06-07,8,722,1.108033241
E08000003,Manchester,ltla,2020-06-06,9,806,1.11662531
E08000003,Manchester,ltla,2020-06-05,22,1125,1.955555556
E08000003,Manchester,ltla,2020-06-04,17,1251,1.35891287
E08000003,Manchester,ltla,2020-06-03,17,1356,1.253687316
E08000003,Manchester,ltla,2020-06-02,23,1485,1.548821549
E08000003,Manchester,ltla,2020-06-01,19,1439,1.320361362
E08000003,Manchester,ltla,2020-05-31,20,1082,1.848428835
E08000003,Manchester,ltla,2020-05-30,24,1118,2.146690519
E08000003,Manchester,ltla,2020-05-29,20,1527,1.309757695
E08000003,Manchester,ltla,2020-05-28,32,1754,1.824401368
E08000003,Manchester,ltla,2020-05-27,11,1826,0.602409639
E08000003,Manchester,ltla,2020-05-26,23,2057,1.118133204
E08000003,Manchester,ltla,2020-05-25,24,1616,1.485148515
E08000003,Manchester,ltla,2020-05-24,16,1364,1.173020528
E08000003,Manchester,ltla,2020-05-23,18,1527,1.178781925
E08000003,Manchester,ltla,2020-05-22,28,2052,1.364522417
E08000003,Manchester,ltla,2020-05-21,23,2566,0.896336711
E08000003,Manchester,ltla,2020-05-20,33,2701,1.221769715
E08000003,Manchester,ltla,2020-05-19,46,3049,1.508691374
E08000003,Manchester,ltla,2020-05-18,35,2575,1.359223301
E08000003,Manchester,ltla,2020-05-17,28,1835,1.525885559
E08000003,Manchester,ltla,2020-05-16,38,2074,1.832208293
E08000003,Manchester,ltla,2020-05-15,24,2525,0.95049505
E08000003,Manchester,ltla,2020-05-14,24,2622,0.915331808
E08000003,Manchester,ltla,2020-05-13,36,3308,1.088270859
E08000003,Manchester,ltla,2020-05-12,34,3388,1.003541913
E08000003,Manchester,ltla,2020-05-11,35,3576,0.978747204
E08000003,Manchester,ltla,2020-05-10,30,2322,1.291989664
E08000003,Manchester,ltla,2020-05-09,25,2164,1.155268022
E08000003,Manchester,ltla,2020-05-08,26,3064,0.848563969
E08000003,Manchester,ltla,2020-05-07,38,3772,1.007423118
E08000003,Manchester,ltla,2020-05-06,47,3817,1.231333508
E08000003,Manchester,ltla,2020-05-05,45,3667,1.227161167
E08000003,Manchester,ltla,2020-05-04,22,3391,0.648776172
E08000003,Manchester,ltla,2020-05-03,29,2988,0.970548862
E08000003,Manchester,ltla,2020-05-02,23,3230,0.712074303
E08000003,Manchester,ltla,2020-05-01,38,4734,0.802703845
E08000003,Manchester,ltla,2020-04-30,33,4956,0.665859564
E08000003,Manchester,ltla,2020-04-29,50,5422,0.922168941
E08000003,Manchester,ltla,2020-04-28,35,4714,0.742469241
E08000003,Manchester,ltla,2020-04-27,23,4705,0.488841658
E08000003,Manchester,ltla,2020-04-26,26,3468,0.749711649
E08000003,Manchester,ltla,2020-04-25,35,3741,0.935578722
E08000003,Manchester,ltla,2020-04-24,53,4947,1.071356378
E08000003,Manchester,ltla,2020-04-23,52,5145,1.01068999
E08000003,Manchester,ltla,2020-04-22,56,5483,1.021338683
E08000003,Manchester,ltla,2020-04-21,39,4764,0.818639798
E08000003,Manchester,ltla,2020-04-20,42,4413,0.951733515
E08000003,Manchester,ltla,2020-04-19,35,3852,0.908618899
E08000003,Manchester,ltla,2020-04-18,55,4700,1.170212766
E08000003,Manchester,ltla,2020-04-17,15,4933,0.3040746
E08000003,Manchester,ltla,2020-04-16,35,5272,0.663884674
E08000003,Manchester,ltla,2020-04-15,39,5041,0.773656021
E08000003,Manchester,ltla,2020-04-14,52,4298,1.209865054
E08000003,Manchester,ltla,2020-04-13,40,4167,0.959923206
E08000003,Manchester,ltla,2020-04-12,38,3476,1.093210587
E08000003,Manchester,ltla,2020-04-11,43,3555,1.209563994
E08000003,Manchester,ltla,2020-04-10,37,4310,0.858468677
E08000003,Manchester,ltla,2020-04-09,63,4853,1.298166083
E08000003,Manchester,ltla,2020-04-08,53,5116,1.035965598
E08000003,Manchester,ltla,2020-04-07,57,5431,1.049530473
E08000003,Manchester,ltla,2020-04-06,72,5258,1.369341955
E08000003,Manchester,ltla,2020-04-05,36,3584,1.004464286
E08000003,Manchester,ltla,2020-04-04,40,4009,0.997755051
E08000003,Manchester,ltla,2020-04-03,30,4889,0.613622418
E08000003,Manchester,ltla,2020-04-02,34,4855,0.70030896
E08000003,Manchester,ltla,2020-04-01,29,4933,0.587877559
E08000003,Manchester,ltla,2020-03-31,33,4513,0.731220917
E08000003,Manchester,ltla,2020-03-30,24,4260,0.563380282
E08000003,Manchester,ltla,2020-03-29,23,2855,0.805604203
E08000003,Manchester,ltla,2020-03-28,31,2815,1.101243339
E08000003,Manchester,ltla,2020-03-27,14,3184,0.439698492
E08000003,Manchester,ltla,2020-03-26,22,3084,0.713359274
E08000003,Manchester,ltla,2020-03-25,14,2688,0.520833333
E08000003,Manchester,ltla,2020-03-24,9,2371,0.379586672
E08000003,Manchester,ltla,2020-03-23,12,2324,0.516351119
E08000003,Manchester,ltla,2020-03-22,4,1373,0.291332848
E08000003,Manchester,ltla,2020-03-21,3,1194,0.251256281
E08000003,Manchester,ltla,2020-03-20,5,1260,0.396825397
E08000003,Manchester,ltla,2020-03-19,4,1048,0.381679389
E08000003,Manchester,ltla,2020-03-18,3,991,0.302724521
E08000003,Manchester,ltla,2020-03-17,4,788,0.507614213
E08000003,Manchester,ltla,2020-03-16,6,601,0.998336106
E08000003,Manchester,ltla,2020-03-15,3,441,0.680272109
E08000003,Manchester,ltla,2020-03-14,0,362,0
E08000003,Manchester,ltla,2020-03-13,7,480,1.458333333
E08000003,Manchester,ltla,2020-03-12,0,482,0
E08000003,Manchester,ltla,2020-03-11,1,403,0.248138958
E08000003,Manchester,ltla,2020-03-10,1,266,0.37593985
E08000003,Manchester,ltla,2020-03-09,2,147,1.360544218
E08000003,Manchester,ltla,2020-03-08,0,57,0
E08000003,Manchester,ltla,2020-03-07,0,68,0
E08000003,Manchester,ltla,2020-03-06,0,81,0
E08000003,Manchester,ltla,2020-03-05,2,50,4
E08000003,Manchester,ltla,2020-03-04,1,56,1.785714286
E08000003,Manchester,ltla,2020-03-03,1,57,1.754385965
E08000035,Leeds,ltla,2021-10-02,78,25866,0.301554164
E08000035,Leeds,ltla,2021-10-01,324,28580,1.133659902
E08000035,Leeds,ltla,2021-09-30,438,32002,1.368664458
E08000035,Leeds,ltla,2021-09-29,464,34294,1.353006357
E08000035,Leeds,ltla,2021-09-28,488,35912,1.358877256
E08000035,Leeds,ltla,2021-09-27,552,40905,1.34946828
E08000035,Leeds,ltla,2021-09-26,378,31515,1.199428843
E08000035,Leeds,ltla,2021-09-25,329,27854,1.1811589
E08000035,Leeds,ltla,2021-09-24,396,31595,1.253362874
E08000035,Leeds,ltla,2021-09-23,409,35216,1.161403907
E08000035,Leeds,ltla,2021-09-22,448,36149,1.239315057
E08000035,Leeds,ltla,2021-09-21,490,38266,1.280510113
E08000035,Leeds,ltla,2021-09-20,467,40106,1.164414302
E08000035,Leeds,ltla,2021-09-19,372,30544,1.217915139
E08000035,Leeds,ltla,2021-09-18,329,26304,1.250760341
E08000035,Leeds,ltla,2021-09-17,321,29060,1.104611149
E08000035,Leeds,ltla,2021-09-16,270,29176,0.925418152
E08000035,Leeds,ltla,2021-09-15,301,29948,1.005075464
E08000035,Leeds,ltla,2021-09-14,323,30940,1.043956044
E08000035,Leeds,ltla,2021-09-13,401,34118,1.175332669
E08000035,Leeds,ltla,2021-09-12,246,23671,1.039246335
E08000035,Leeds,ltla,2021-09-11,273,23204,1.176521289
E08000035,Leeds,ltla,2021-09-10,351,28727,1.221847043
E08000035,Leeds,ltla,2021-09-09,362,33410,1.083507932
E08000035,Leeds,ltla,2021-09-08,433,35239,1.228752235
E08000035,Leeds,ltla,2021-09-07,483,38020,1.270384008
E08000035,Leeds,ltla,2021-09-06,532,44146,1.205092194
E08000035,Leeds,ltla,2021-09-05,360,31254,1.151852563
E08000035,Leeds,ltla,2021-09-04,366,31365,1.166905787
E08000035,Leeds,ltla,2021-09-03,486,38022,1.278207354
E08000035,Leeds,ltla,2021-09-02,463,41626,1.112285591
E08000035,Leeds,ltla,2021-09-01,470,42836,1.097207956
E08000035,Leeds,ltla,2021-08-31,550,44481,1.236482993
E08000035,Leeds,ltla,2021-08-30,406,34176,1.187968165
E08000035,Leeds,ltla,2021-08-29,301,25697,1.171342958
E08000035,Leeds,ltla,2021-08-28,288,27165,1.060187742
E08000035,Leeds,ltla,2021-08-27,367,33182,1.106021337
E08000035,Leeds,ltla,2021-08-26,354,36985,0.957144788
E08000035,Leeds,ltla,2021-08-25,435,38098,1.14179222
E08000035,Leeds,ltla,2021-08-24,416,37024,1.123595506
E08000035,Leeds,ltla,2021-08-23,505,39042,1.293478818
E08000035,Leeds,ltla,2021-08-22,331,28299,1.169652638
E08000035,Leeds,ltla,2021-08-21,302,28091,1.075077427
E08000035,Leeds,ltla,2021-08-20,353,31673,1.114513939
E08000035,Leeds,ltla,2021-08-19,416,35833,1.160941032
E08000035,Leeds,ltla,2021-08-18,504,38012,1.325897085
E08000035,Leeds,ltla,2021-08-17,442,37188,1.188555448
E08000035,Leeds,ltla,2021-08-16,473,36193,1.306882546
E08000035,Leeds,ltla,2021-08-15,369,24923,1.480560125
E08000035,Leeds,ltla,2021-08-14,348,24646,1.411993833
E08000035,Leeds,ltla,2021-08-13,404,28448,1.420134983
E08000035,Leeds,ltla,2021-08-12,493,31130,1.583681336
E08000035,Leeds,ltla,2021-08-11,496,32739,1.515012676
E08000035,Leeds,ltla,2021-08-10,547,30931,1.768452362
E08000035,Leeds,ltla,2021-08-09,547,31533,1.734690642
E08000035,Leeds,ltla,2021-08-08,340,22418,1.516638416
E08000035,Leeds,ltla,2021-08-07,345,22114,1.560097676
E08000035,Leeds,ltla,2021-08-06,485,27542,1.760946917
E08000035,Leeds,ltla,2021-08-05,499,31082,1.605430796
E08000035,Leeds,ltla,2021-08-04,575,31727,1.812336496
E08000035,Leeds,ltla,2021-08-03,486,29819,1.629833328
E08000035,Leeds,ltla,2021-08-02,492,29276,1.680557453
E08000035,Leeds,ltla,2021-08-01,336,20513,1.637985668
E08000035,Leeds,ltla,2021-07-31,339,20153,1.682131693
E08000035,Leeds,ltla,2021-07-30,450,24283,1.853148293
E08000035,Leeds,ltla,2021-07-29,471,27908,1.687688118
E08000035,Leeds,ltla,2021-07-28,513,29663,1.729427233
E08000035,Leeds,ltla,2021-07-27,476,29046,1.638779866
E08000035,Leeds,ltla,2021-07-26,455,29398,1.547724335
E08000035,Leeds,ltla,2021-07-25,327,21776,1.501653196
E08000035,Leeds,ltla,2021-07-24,398,22481,1.77038388
E08000035,Leeds,ltla,2021-07-23,366,27278,1.341740597
E08000035,Leeds,ltla,2021-07-22,478,30749,1.554522098
E08000035,Leeds,ltla,2021-07-21,515,34930,1.474377326
E08000035,Leeds,ltla,2021-07-20,607,39067,1.553741009
E08000035,Leeds,ltla,2021-07-19,771,46905,1.643748001
E08000035,Leeds,ltla,2021-07-18,496,35504,1.397025687
E08000035,Leeds,ltla,2021-07-17,548,37854,1.447667354
E08000035,Leeds,ltla,2021-07-16,777,54241,1.432495714
E08000035,Leeds,ltla,2021-07-15,895,60764,1.472911592
E08000035,Leeds,ltla,2021-07-14,821,53833,1.525086843
E08000035,Leeds,ltla,2021-07-13,804,46735,1.720338076
E08000035,Leeds,ltla,2021-07-12,792,43648,1.814516129
E08000035,Leeds,ltla,2021-07-11,539,30027,1.795051121
E08000035,Leeds,ltla,2021-07-10,537,27878,1.92625009
E08000035,Leeds,ltla,2021-07-09,623,32222,1.93346161
E08000035,Leeds,ltla,2021-07-08,643,33353,1.927862561
E08000035,Leeds,ltla,2021-07-07,793,37819,2.096829636
E08000035,Leeds,ltla,2021-07-06,753,35367,2.129103401
E08000035,Leeds,ltla,2021-07-05,711,34200,2.078947368
E08000035,Leeds,ltla,2021-07-04,494,24672,2.00226978
E08000035,Leeds,ltla,2021-07-03,475,23567,2.015530191
E08000035,Leeds,ltla,2021-07-02,473,25785,1.834399845
E08000035,Leeds,ltla,2021-07-01,650,28116,2.311850903
E08000035,Leeds,ltla,2021-06-30,566,28331,1.997811584
E08000035,Leeds,ltla,2021-06-29,630,27594,2.283105023
E08000035,Leeds,ltla,2021-06-28,574,27747,2.068692111
E08000035,Leeds,ltla,2021-06-27,406,18128,2.239629303
E08000035,Leeds,ltla,2021-06-26,342,15972,2.141247183
E08000035,Leeds,ltla,2021-06-25,422,17779,2.373586816
E08000035,Leeds,ltla,2021-06-24,421,18300,2.300546448
E08000035,Leeds,ltla,2021-06-23,426,17909,2.378692278
E08000035,Leeds,ltla,2021-06-22,408,17007,2.399012171
E08000035,Leeds,ltla,2021-06-21,379,15958,2.374984334
E08000035,Leeds,ltla,2021-06-20,228,9872,2.309562399
E08000035,Leeds,ltla,2021-06-19,229,8255,2.774076317
E08000035,Leeds,ltla,2021-06-18,290,10053,2.884711032
E08000035,Leeds,ltla,2021-06-17,288,10773,2.673350042
E08000035,Leeds,ltla,2021-06-16,288,10772,2.673598218
E08000035,Leeds,ltla,2021-06-15,276,10504,2.627570449
E08000035,Leeds,ltla,2021-06-14,295,10106,2.919057985
E08000035,Leeds,ltla,2021-06-13,148,6954,2.128271498
E08000035,Leeds,ltla,2021-06-12,166,6116,2.714192283
E08000035,Leeds,ltla,2021-06-11,207,7442,2.781510347
E08000035,Leeds,ltla,2021-06-10,200,7840,2.551020408
E08000035,Leeds,ltla,2021-06-09,199,8002,2.48687828
E08000035,Leeds,ltla,2021-06-08,205,7675,2.671009772
E08000035,Leeds,ltla,2021-06-07,152,7743,1.963063412
E08000035,Leeds,ltla,2021-06-06,118,5405,2.183163737
E08000035,Leeds,ltla,2021-06-05,96,4623,2.076573653
E08000035,Leeds,ltla,2021-06-04,127,5706,2.225727305
E08000035,Leeds,ltla,2021-06-03,110,6100,1.803278689
E08000035,Leeds,ltla,2021-06-02,88,6049,1.454785915
E08000035,Leeds,ltla,2021-06-01,102,5235,1.948424069
E08000035,Leeds,ltla,2021-05-31,68,3781,1.798466014
E08000035,Leeds,ltla,2021-05-30,62,3094,2.003878474
E08000035,Leeds,ltla,2021-05-29,53,2933,1.807023525
E08000035,Leeds,ltla,2021-05-28,70,3490,2.005730659
E08000035,Leeds,ltla,2021-05-27,64,3639,1.758724924
E08000035,Leeds,ltla,2021-05-26,59,3800,1.552631579
E08000035,Leeds,ltla,2021-05-25,45,3308,1.360338573
E08000035,Leeds,ltla,2021-05-24,41,3237,1.266604881
E08000035,Leeds,ltla,2021-05-23,33,2242,1.471900089
E08000035,Leeds,ltla,2021-05-22,27,1926,1.401869159
E08000035,Leeds,ltla,2021-05-21,45,2294,1.961639058
E08000035,Leeds,ltla,2021-05-20,37,2425,1.525773196
E08000035,Leeds,ltla,2021-05-19,63,2713,2.322152599
E08000035,Leeds,ltla,2021-05-18,48,2708,1.772525849
E08000035,Leeds,ltla,2021-05-17,54,2766,1.952277657
E08000035,Leeds,ltla,2021-05-16,36,1853,1.942795467
E08000035,Leeds,ltla,2021-05-15,31,1582,1.95954488
E08000035,Leeds,ltla,2021-05-14,39,1850,2.108108108
E08000035,Leeds,ltla,2021-05-13,46,2096,2.194656489
E08000035,Leeds,ltla,2021-05-12,54,2231,2.420439265
E08000035,Leeds,ltla,2021-05-11,55,2200,2.5
E08000035,Leeds,ltla,2021-05-10,67,2658,2.52069225
E08000035,Leeds,ltla,2021-05-09,48,2172,2.209944751
E08000035,Leeds,ltla,2021-05-08,35,1511,2.31634679
E08000035,Leeds,ltla,2021-05-07,56,1883,2.973977695
E08000035,Leeds,ltla,2021-05-06,58,2166,2.677746999
E08000035,Leeds,ltla,2021-05-05,77,2398,3.211009174
E08000035,Leeds,ltla,2021-05-04,59,2405,2.453222453
E08000035,Leeds,ltla,2021-05-03,61,1971,3.094875698
E08000035,Leeds,ltla,2021-05-02,21,1426,1.472650771
E08000035,Leeds,ltla,2021-05-01,37,1356,2.728613569
E08000035,Leeds,ltla,2021-04-30,50,1705,2.93255132
E08000035,Leeds,ltla,2021-04-29,60,2083,2.880460874
E08000035,Leeds,ltla,2021-04-28,65,2360,2.754237288
E08000035,Leeds,ltla,2021-04-27,48,2058,2.332361516
E08000035,Leeds,ltla,2021-04-26,59,2444,2.414075286
E08000035,Leeds,ltla,2021-04-25,29,1992,1.455823293
E08000035,Leeds,ltla,2021-04-24,23,1464,1.571038251
E08000035,Leeds,ltla,2021-04-23,41,1891,2.168164992
E08000035,Leeds,ltla,2021-04-22,68,2254,3.016858917
E08000035,Leeds,ltla,2021-04-21,51,2543,2.005505309
E08000035,Leeds,ltla,2021-04-20,50,2367,2.112378538
E08000035,Leeds,ltla,2021-04-19,55,2602,2.113758647
E08000035,Leeds,ltla,2021-04-18,45,2438,1.845775226
E08000035,Leeds,ltla,2021-04-17,38,1638,2.31990232
E08000035,Leeds,ltla,2021-04-16,49,2353,2.082447939
E08000035,Leeds,ltla,2021-04-15,70,2187,3.200731596
E08000035,Leeds,ltla,2021-04-14,46,2405,1.912681913
E08000035,Leeds,ltla,2021-04-13,58,2334,2.485004284
E08000035,Leeds,ltla,2021-04-12,48,2714,1.768607222
E08000035,Leeds,ltla,2021-04-11,39,2258,1.727192205
E08000035,Leeds,ltla,2021-04-10,52,2259,2.301903497
E08000035,Leeds,ltla,2021-04-09,61,2785,2.190305206
E08000035,Leeds,ltla,2021-04-08,79,2982,2.649228706
E08000035,Leeds,ltla,2021-04-07,75,3082,2.43348475
E08000035,Leeds,ltla,2021-04-06,65,3117,2.085338466
E08000035,Leeds,ltla,2021-04-05,81,2617,3.095147115
E08000035,Leeds,ltla,2021-04-04,71,2293,3.096380288
E08000035,Leeds,ltla,2021-04-03,68,2404,2.828618968
E08000035,Leeds,ltla,2021-04-02,91,2625,3.466666667
E08000035,Leeds,ltla,2021-04-01,110,3472,3.168202765
E08000035,Leeds,ltla,2021-03-31,92,3771,2.439671175
E08000035,Leeds,ltla,2021-03-30,105,3596,2.919911012
E08000035,Leeds,ltla,2021-03-29,89,3968,2.242943548
E08000035,Leeds,ltla,2021-03-28,119,4658,2.554744526
E08000035,Leeds,ltla,2021-03-27,83,3541,2.34397063
E08000035,Leeds,ltla,2021-03-26,152,4391,3.461626053
E08000035,Leeds,ltla,2021-03-25,143,5402,2.647167716
E08000035,Leeds,ltla,2021-03-24,151,6015,2.51039069
E08000035,Leeds,ltla,2021-03-23,138,5262,2.622576967
E08000035,Leeds,ltla,2021-03-22,159,6203,2.563275834
E08000035,Leeds,ltla,2021-03-21,108,5233,2.063825721
E08000035,Leeds,ltla,2021-03-20,99,4102,2.41345685
E08000035,Leeds,ltla,2021-03-19,121,4997,2.421452872
E08000035,Leeds,ltla,2021-03-18,109,5477,1.990140588
E08000035,Leeds,ltla,2021-03-17,150,5770,2.59965338
E08000035,Leeds,ltla,2021-03-16,101,5675,1.779735683
E08000035,Leeds,ltla,2021-03-15,119,6504,1.829643296
E08000035,Leeds,ltla,2021-03-14,94,4301,2.185538247
E08000035,Leeds,ltla,2021-03-13,91,4246,2.143193594
E08000035,Leeds,ltla,2021-03-12,122,5590,2.182468694
E08000035,Leeds,ltla,2021-03-11,123,5770,2.131715771
E08000035,Leeds,ltla,2021-03-10,131,6038,2.16959258
E08000035,Leeds,ltla,2021-03-09,142,6228,2.28002569
E08000035,Leeds,ltla,2021-03-08,156,6643,2.348336595
E08000035,Leeds,ltla,2021-03-07,76,4284,1.774042951
E08000035,Leeds,ltla,2021-03-06,82,4505,1.820199778
E08000035,Leeds,ltla,2021-03-05,150,5299,2.830722778
E08000035,Leeds,ltla,2021-03-04,107,5726,1.868669228
E08000035,Leeds,ltla,2021-03-03,99,5974,1.657181118
E08000035,Leeds,ltla,2021-03-02,122,6655,1.833208114
E08000035,Leeds,ltla,2021-03-01,145,6875,2.109090909
E08000035,Leeds,ltla,2021-02-28,89,4714,1.887993212
E08000035,Leeds,ltla,2021-02-27,90,4815,1.869158879
E08000035,Leeds,ltla,2021-02-26,129,6565,1.964965727
E08000035,Leeds,ltla,2021-02-25,158,7721,2.046367051
E08000035,Leeds,ltla,2021-02-24,163,8544,1.907771536
E08000035,Leeds,ltla,2021-02-23,199,9380,2.121535181
E08000035,Leeds,ltla,2021-02-22,188,11240,1.672597865
E08000035,Leeds,ltla,2021-02-21,141,7868,1.792069141
E08000035,Leeds,ltla,2021-02-20,141,8053,1.750900286
E08000035,Leeds,ltla,2021-02-19,159,10384,1.531201849
E08000035,Leeds,ltla,2021-02-18,264,11411,2.313557094
E08000035,Leeds,ltla,2021-02-17,196,11561,1.695355073
E08000035,Leeds,ltla,2021-02-16,212,12483,1.698309701
E08000035,Leeds,ltla,2021-02-15,209,14267,1.464919044
E08000035,Leeds,ltla,2021-02-14,136,8753,1.553752999
E08000035,Leeds,ltla,2021-02-13,154,8758,1.758392327
E08000035,Leeds,ltla,2021-02-12,205,12162,1.68557803
E08000035,Leeds,ltla,2021-02-11,188,12737,1.47601476
E08000035,Leeds,ltla,2021-02-10,186,13480,1.379821958
E08000035,Leeds,ltla,2021-02-09,178,13796,1.290229052
E08000035,Leeds,ltla,2021-02-08,199,15704,1.267193072
E08000035,Leeds,ltla,2021-02-07,169,11373,1.485975556
E08000035,Leeds,ltla,2021-02-06,193,11957,1.614117253
E08000035,Leeds,ltla,2021-02-05,239,15844,1.50845746
E08000035,Leeds,ltla,2021-02-04,237,17955,1.319966583
E08000035,Leeds,ltla,2021-02-03,307,19393,1.583045429
E08000035,Leeds,ltla,2021-02-02,183,19752,0.926488457
E08000035,Leeds,ltla,2021-02-01,236,22326,1.057063513
E08000035,Leeds,ltla,2021-01-31,217,15365,1.412300683
E08000035,Leeds,ltla,2021-01-30,237,16665,1.422142214
E08000035,Leeds,ltla,2021-01-29,248,21767,1.139339367
E08000035,Leeds,ltla,2021-01-28,250,24131,1.036011769
E08000035,Leeds,ltla,2021-01-27,255,25669,0.993416183
E08000035,Leeds,ltla,2021-01-26,304,26964,1.127429165
E08000035,Leeds,ltla,2021-01-25,308,29897,1.030203699
E08000035,Leeds,ltla,2021-01-24,229,17151,1.335199114
E08000035,Leeds,ltla,2021-01-23,202,21818,0.925841049
E08000035,Leeds,ltla,2021-01-22,284,29516,0.962189999
E08000035,Leeds,ltla,2021-01-21,317,31648,1.001643074
E08000035,Leeds,ltla,2021-01-20,349,35064,0.995322838
E08000035,Leeds,ltla,2021-01-19,389,39454,0.985958331
E08000035,Leeds,ltla,2021-01-18,431,44755,0.963020892
E08000035,Leeds,ltla,2021-01-17,296,28836,1.026494659
E08000035,Leeds,ltla,2021-01-16,268,30518,0.87817026
E08000035,Leeds,ltla,2021-01-15,298,40374,0.738098776
E08000035,Leeds,ltla,2021-01-14,150,42374,0.353990655
E08000035,Leeds,ltla,2021-01-13,372,45389,0.819581837
E08000035,Leeds,ltla,2021-01-12,445,49365,0.901448395
E08000035,Leeds,ltla,2021-01-11,460,57093,0.805702976
E08000035,Leeds,ltla,2021-01-10,281,36330,0.773465456
E08000035,Leeds,ltla,2021-01-09,316,39081,0.808577058
E08000035,Leeds,ltla,2021-01-08,326,46975,0.693986163
E08000035,Leeds,ltla,2021-01-07,345,51949,0.66411288
E08000035,Leeds,ltla,2021-01-06,365,57374,0.636176665
E08000035,Leeds,ltla,2021-01-05,399,65078,0.613110421
E08000035,Leeds,ltla,2021-01-04,550,76146,0.722296641
E08000035,Leeds,ltla,2021-01-03,345,55162,0.62543055
E08000035,Leeds,ltla,2021-01-02,413,60421,0.683537181
E08000035,Leeds,ltla,2021-01-01,234,31831,0.735132418
E08000035,Leeds,ltla,2020-12-31,346,52781,0.655538925
E08000035,Leeds,ltla,2020-12-30,470,70746,0.664348514
E08000035,Leeds,ltla,2020-12-29,468,81483,0.574352933
E08000035,Leeds,ltla,2020-12-28,324,45573,0.710947271
E08000035,Leeds,ltla,2020-12-27,263,47689,0.551489861
E08000035,Leeds,ltla,2020-12-26,201,40365,0.49795615
E08000035,Leeds,ltla,2020-12-25,93,14170,0.656316161
E08000035,Leeds,ltla,2020-12-24,201,31799,0.632095349
E08000035,Leeds,ltla,2020-12-23,241,42161,0.57161832
E08000035,Leeds,ltla,2020-12-22,288,45650,0.630887185
E08000035,Leeds,ltla,2020-12-21,296,47360,0.625
E08000035,Leeds,ltla,2020-12-20,212,32441,0.653494035
E08000035,Leeds,ltla,2020-12-19,126,25141,0.501173382
E08000035,Leeds,ltla,2020-12-18,162,35829,0.452147702
E08000035,Leeds,ltla,2020-12-17,158,33892,0.466186711
E08000035,Leeds,ltla,2020-12-16,204,34902,0.584493725
E08000035,Leeds,ltla,2020-12-15,172,33832,0.508394419
E08000035,Leeds,ltla,2020-12-14,210,34697,0.605239646
E08000035,Leeds,ltla,2020-12-13,121,21980,0.550500455
E08000035,Leeds,ltla,2020-12-12,113,19350,0.583979328
E08000035,Leeds,ltla,2020-12-11,155,24048,0.644544245
E08000035,Leeds,ltla,2020-12-10,163,22599,0.721270853
E08000035,Leeds,ltla,2020-12-09,184,21602,0.851772984
E08000035,Leeds,ltla,2020-12-08,184,20775,0.885679904
E08000035,Leeds,ltla,2020-12-07,199,21317,0.933527232
E08000035,Leeds,ltla,2020-12-06,102,13573,0.751491933
E08000035,Leeds,ltla,2020-12-05,111,12730,0.871956009
E08000035,Leeds,ltla,2020-12-04,139,15656,0.887838528
E08000035,Leeds,ltla,2020-12-03,159,15625,1.0176
E08000035,Leeds,ltla,2020-12-02,191,16475,1.159332322
E08000035,Leeds,ltla,2020-12-01,202,16445,1.228336881
E08000035,Leeds,ltla,2020-11-30,199,18002,1.10543273
E08000035,Leeds,ltla,2020-11-29,137,10679,1.282891657
E08000035,Leeds,ltla,2020-11-28,125,10959,1.14061502
E08000035,Leeds,ltla,2020-11-27,185,14367,1.28767314
E08000035,Leeds,ltla,2020-11-26,179,14565,1.228973567
E08000035,Leeds,ltla,2020-11-25,200,16609,1.204166416
E08000035,Leeds,ltla,2020-11-24,218,16450,1.325227964
E08000035,Leeds,ltla,2020-11-23,268,18766,1.428114675
E08000035,Leeds,ltla,2020-11-22,183,11731,1.559969312
E08000035,Leeds,ltla,2020-11-21,194,12348,1.571104632
E08000035,Leeds,ltla,2020-11-20,268,16842,1.591259945
E08000035,Leeds,ltla,2020-11-19,268,17744,1.510369702
E08000035,Leeds,ltla,2020-11-18,353,20745,1.701614847
E08000035,Leeds,ltla,2020-11-17,423,23156,1.82674037
E08000035,Leeds,ltla,2020-11-16,429,26569,1.614663706
E08000035,Leeds,ltla,2020-11-15,238,16019,1.485735689
E08000035,Leeds,ltla,2020-11-14,382,17987,2.123756046
E08000035,Leeds,ltla,2020-11-13,495,24025,2.060353798
E08000035,Leeds,ltla,2020-11-12,477,24459,1.950202379
E08000035,Leeds,ltla,2020-11-11,525,27346,1.919842024
E08000035,Leeds,ltla,2020-11-10,533,27408,1.944687682
E08000035,Leeds,ltla,2020-11-09,675,31041,2.174543346
E08000035,Leeds,ltla,2020-11-08,401,19953,2.009722849
E08000035,Leeds,ltla,2020-11-07,406,18513,2.19305353
E08000035,Leeds,ltla,2020-11-06,520,23321,2.229750011
E08000035,Leeds,ltla,2020-11-05,515,23732,2.170065734
E08000035,Leeds,ltla,2020-11-04,504,23670,2.129277567
E08000035,Leeds,ltla,2020-11-03,560,25576,2.189552706
E08000035,Leeds,ltla,2020-11-02,627,31504,1.990223464
E08000035,Leeds,ltla,2020-11-01,375,15749,2.381103562
E08000035,Leeds,ltla,2020-10-31,368,16478,2.233280738
E08000035,Leeds,ltla,2020-10-30,515,22648,2.273931473
E08000035,Leeds,ltla,2020-10-29,534,23330,2.288898414
E08000035,Leeds,ltla,2020-10-28,572,23603,2.423420752
E08000035,Leeds,ltla,2020-10-27,546,24077,2.267724384
E08000035,Leeds,ltla,2020-10-26,612,26537,2.306213965
E08000035,Leeds,ltla,2020-10-25,307,15716,1.953423263
E08000035,Leeds,ltla,2020-10-24,332,16221,2.046729548
E08000035,Leeds,ltla,2020-10-23,456,21450,2.125874126
E08000035,Leeds,ltla,2020-10-22,521,23221,2.243658757
E08000035,Leeds,ltla,2020-10-21,545,25418,2.144149815
E08000035,Leeds,ltla,2020-10-20,548,25304,2.165665507
E08000035,Leeds,ltla,2020-10-19,598,25599,2.336028751
E08000035,Leeds,ltla,2020-10-18,363,14184,2.559221658
E08000035,Leeds,ltla,2020-10-17,388,14748,2.630865202
E08000035,Leeds,ltla,2020-10-16,453,17703,2.558888324
E08000035,Leeds,ltla,2020-10-15,472,18416,2.562988705
E08000035,Leeds,ltla,2020-10-14,545,19687,2.768324275
E08000035,Leeds,ltla,2020-10-13,470,18877,2.489802405
E08000035,Leeds,ltla,2020-10-12,545,19416,2.806963329
E08000035,Leeds,ltla,2020-10-11,289,12056,2.397146649
E08000035,Leeds,ltla,2020-10-10,402,12499,3.216257301
E08000035,Leeds,ltla,2020-10-09,400,15712,2.545824847
E08000035,Leeds,ltla,2020-10-08,595,18223,3.265104538
E08000035,Leeds,ltla,2020-10-07,600,18304,3.277972028
E08000035,Leeds,ltla,2020-10-06,631,17046,3.701748211
E08000035,Leeds,ltla,2020-10-05,571,16540,3.452237001
E08000035,Leeds,ltla,2020-10-04,433,11793,3.671669635
E08000035,Leeds,ltla,2020-10-03,481,11519,4.175709697
E08000035,Leeds,ltla,2020-10-02,645,13680,4.714912281
E08000035,Leeds,ltla,2020-10-01,683,13182,5.181307844
E08000035,Leeds,ltla,2020-09-30,547,12554,4.357176995
E08000035,Leeds,ltla,2020-09-29,459,10224,4.48943662
E08000035,Leeds,ltla,2020-09-28,394,9918,3.972575116
E08000035,Leeds,ltla,2020-09-27,328,6970,4.705882353
E08000035,Leeds,ltla,2020-09-26,265,6744,3.929418743
E08000035,Leeds,ltla,2020-09-25,199,7235,2.750518314
E08000035,Leeds,ltla,2020-09-24,256,7600,3.368421053
E08000035,Leeds,ltla,2020-09-23,152,7048,2.156640182
E08000035,Leeds,ltla,2020-09-22,195,6399,3.047351149
E08000035,Leeds,ltla,2020-09-21,140,5595,2.502234138
E08000035,Leeds,ltla,2020-09-20,159,5313,2.992659514
E08000035,Leeds,ltla,2020-09-19,151,4845,3.116615067
E08000035,Leeds,ltla,2020-09-18,129,4953,2.604482132
E08000035,Leeds,ltla,2020-09-17,131,4617,2.837340264
E08000035,Leeds,ltla,2020-09-16,135,4348,3.104875805
E08000035,Leeds,ltla,2020-09-15,117,3537,3.307888041
E08000035,Leeds,ltla,2020-09-14,101,3379,2.989050015
E08000035,Leeds,ltla,2020-09-13,64,2129,3.006106153
E08000035,Leeds,ltla,2020-09-12,76,2655,2.86252354
E08000035,Leeds,ltla,2020-09-11,121,3280,3.68902439
E08000035,Leeds,ltla,2020-09-10,112,3578,3.130240358
E08000035,Leeds,ltla,2020-09-09,87,3328,2.614182692
E08000035,Leeds,ltla,2020-09-08,78,3303,2.361489555
E08000035,Leeds,ltla,2020-09-07,119,3857,3.085299456
E08000035,Leeds,ltla,2020-09-06,93,2440,3.81147541
E08000035,Leeds,ltla,2020-09-05,95,2540,3.74015748
E08000035,Leeds,ltla,2020-09-04,74,3037,2.436615081
E08000035,Leeds,ltla,2020-09-03,82,3094,2.650290886
E08000035,Leeds,ltla,2020-09-02,99,2994,3.306613226
E08000035,Leeds,ltla,2020-09-01,62,2249,2.756780791
E08000035,Leeds,ltla,2020-08-31,41,1500,2.733333333
E08000035,Leeds,ltla,2020-08-30,27,1159,2.329594478
E08000035,Leeds,ltla,2020-08-29,35,1220,2.868852459
E08000035,Leeds,ltla,2020-08-28,42,1623,2.58780037
E08000035,Leeds,ltla,2020-08-27,44,1549,2.840542285
E08000035,Leeds,ltla,2020-08-26,31,1348,2.299703264
E08000035,Leeds,ltla,2020-08-25,43,1245,3.453815261
E08000035,Leeds,ltla,2020-08-24,41,1272,3.22327044
E08000035,Leeds,ltla,2020-08-23,28,825,3.393939394
E08000035,Leeds,ltla,2020-08-22,12,824,1.45631068
E08000035,Leeds,ltla,2020-08-21,26,1197,2.172096909
E08000035,Leeds,ltla,2020-08-20,32,1459,2.193283071
E08000035,Leeds,ltla,2020-08-19,33,1240,2.661290323
E08000035,Leeds,ltla,2020-08-18,21,1082,1.940850277
E08000035,Leeds,ltla,2020-08-17,21,1278,1.643192488
E08000035,Leeds,ltla,2020-08-16,5,598,0.836120401
E08000035,Leeds,ltla,2020-08-15,16,693,2.308802309
E08000035,Leeds,ltla,2020-08-14,23,1161,1.981050818
E08000035,Leeds,ltla,2020-08-13,29,1139,2.546093064
E08000035,Leeds,ltla,2020-08-12,25,1206,2.072968491
E08000035,Leeds,ltla,2020-08-11,22,1340,1.641791045
E08000035,Leeds,ltla,2020-08-10,22,1468,1.498637602
E08000035,Leeds,ltla,2020-08-09,21,614,3.42019544
E08000035,Leeds,ltla,2020-08-08,14,695,2.014388489
E08000035,Leeds,ltla,2020-08-07,13,944,1.377118644
E08000035,Leeds,ltla,2020-08-06,12,1080,1.111111111
E08000035,Leeds,ltla,2020-08-05,19,1057,1.797540208
E08000035,Leeds,ltla,2020-08-04,16,1018,1.571709234
E08000035,Leeds,ltla,2020-08-03,18,1035,1.739130435
E08000035,Leeds,ltla,2020-08-02,5,554,0.902527076
E08000035,Leeds,ltla,2020-08-01,21,543,3.867403315
E08000035,Leeds,ltla,2020-07-31,13,677,1.920236337
E08000035,Leeds,ltla,2020-07-30,20,925,2.162162162
E08000035,Leeds,ltla,2020-07-29,30,1037,2.892960463
E08000035,Leeds,ltla,2020-07-28,25,841,2.972651605
E08000035,Leeds,ltla,2020-07-27,14,855,1.637426901
E08000035,Leeds,ltla,2020-07-26,7,558,1.254480287
E08000035,Leeds,ltla,2020-07-25,5,523,0.956022945
E08000035,Leeds,ltla,2020-07-24,3,773,0.388098318
E08000035,Leeds,ltla,2020-07-23,5,794,0.629722922
E08000035,Leeds,ltla,2020-07-22,9,794,1.133501259
E08000035,Leeds,ltla,2020-07-21,8,781,1.024327785
E08000035,Leeds,ltla,2020-07-20,3,812,0.369458128
E08000035,Leeds,ltla,2020-07-19,7,443,1.58013544
E08000035,Leeds,ltla,2020-07-18,3,497,0.60362173
E08000035,Leeds,ltla,2020-07-17,5,580,0.862068966
E08000035,Leeds,ltla,2020-07-16,6,706,0.849858357
E08000035,Leeds,ltla,2020-07-15,4,774,0.516795866
E08000035,Leeds,ltla,2020-07-14,10,693,1.443001443
E08000035,Leeds,ltla,2020-07-13,20,733,2.72851296
E08000035,Leeds,ltla,2020-07-12,4,369,1.08401084
E08000035,Leeds,ltla,2020-07-11,8,446,1.793721973
E08000035,Leeds,ltla,2020-07-10,14,566,2.473498233
E08000035,Leeds,ltla,2020-07-09,10,718,1.39275766
E08000035,Leeds,ltla,2020-07-08,13,702,1.851851852
E08000035,Leeds,ltla,2020-07-07,5,604,0.82781457
E08000035,Leeds,ltla,2020-07-06,11,703,1.564722617
E08000035,Leeds,ltla,2020-07-05,6,556,1.079136691
E08000035,Leeds,ltla,2020-07-04,4,401,0.997506234
E08000035,Leeds,ltla,2020-07-03,7,574,1.219512195
E08000035,Leeds,ltla,2020-07-02,8,608,1.315789474
E08000035,Leeds,ltla,2020-07-01,10,657,1.522070015
E08000035,Leeds,ltla,2020-06-30,6,617,0.972447326
E08000035,Leeds,ltla,2020-06-29,8,729,1.09739369
E08000035,Leeds,ltla,2020-06-28,10,446,2.242152466
E08000035,Leeds,ltla,2020-06-27,15,652,2.300613497
E08000035,Leeds,ltla,2020-06-26,13,669,1.943198804
E08000035,Leeds,ltla,2020-06-25,11,721,1.525658807
E08000035,Leeds,ltla,2020-06-24,17,775,2.193548387
E08000035,Leeds,ltla,2020-06-23,12,888,1.351351351
E08000035,Leeds,ltla,2020-06-22,20,894,2.237136465
E08000035,Leeds,ltla,2020-06-21,9,638,1.410658307
E08000035,Leeds,ltla,2020-06-20,13,686,1.895043732
E08000035,Leeds,ltla,2020-06-19,34,994,3.420523139
E08000035,Leeds,ltla,2020-06-18,40,1025,3.902439024
E08000035,Leeds,ltla,2020-06-17,29,1012,2.865612648
E08000035,Leeds,ltla,2020-06-16,11,1104,0.996376812
E08000035,Leeds,ltla,2020-06-15,20,1041,1.921229587
E08000035,Leeds,ltla,2020-06-14,6,819,0.732600733
E08000035,Leeds,ltla,2020-06-13,8,887,0.901916573
E08000035,Leeds,ltla,2020-06-12,38,1060,3.58490566
E08000035,Leeds,ltla,2020-06-11,10,1010,0.99009901
E08000035,Leeds,ltla,2020-06-10,22,1191,1.847187238
E08000035,Leeds,ltla,2020-06-09,21,1155,1.818181818
E08000035,Leeds,ltla,2020-06-08,16,1096,1.459854015
E08000035,Leeds,ltla,2020-06-07,15,722,2.077562327
E08000035,Leeds,ltla,2020-06-06,7,806,0.868486352
E08000035,Leeds,ltla,2020-06-05,14,1125,1.244444444
E08000035,Leeds,ltla,2020-06-04,15,1251,1.199040767
E08000035,Leeds,ltla,2020-06-03,18,1356,1.327433628
E08000035,Leeds,ltla,2020-06-02,8,1485,0.538720539
E08000035,Leeds,ltla,2020-06-01,15,1439,1.042390549
E08000035,Leeds,ltla,2020-05-31,17,1082,1.57116451
E08000035,Leeds,ltla,2020-05-30,6,1118,0.53667263
E08000035,Leeds,ltla,2020-05-29,16,1527,1.047806156
E08000035,Leeds,ltla,2020-05-28,18,1754,1.02622577
E08000035,Leeds,ltla,2020-05-27,14,1826,0.766703176
E08000035,Leeds,ltla,2020-05-26,13,2057,0.631988333
E08000035,Leeds,ltla,2020-05-25,15,1616,0.928217822
E08000035,Leeds,ltla,2020-05-24,10,1364,0.73313783
E08000035,Leeds,ltla,2020-05-23,10,1527,0.654878847
E08000035,Leeds,ltla,2020-05-22,29,2052,1.413255361
E08000035,Leeds,ltla,2020-05-21,54,2566,2.104442712
E08000035,Leeds,ltla,2020-05-20,41,2701,1.517956312
E08000035,Leeds,ltla,2020-05-19,39,3049,1.279107904
E08000035,Leeds,ltla,2020-05-18,39,2575,1.514563107
E08000035,Leeds,ltla,2020-05-17,43,1835,2.343324251
E08000035,Leeds,ltla,2020-05-16,38,2074,1.832208293
E08000035,Leeds,ltla,2020-05-15,27,2525,1.069306931
E08000035,Leeds,ltla,2020-05-14,39,2622,1.487414188
E08000035,Leeds,ltla,2020-05-13,53,3308,1.602176542
E08000035,Leeds,ltla,2020-05-12,36,3388,1.06257379
E08000035,Leeds,ltla,2020-05-11,60,3576,1.677852349
E08000035,Leeds,ltla,2020-05-10,46,2322,1.981050818
E08000035,Leeds,ltla,2020-05-09,25,2164,1.155268022
E08000035,Leeds,ltla,2020-05-08,48,3064,1.566579634
E08000035,Leeds,ltla,2020-05-07,83,3772,2.200424178
E08000035,Leeds,ltla,2020-05-06,52,3817,1.362326434
E08000035,Leeds,ltla,2020-05-05,53,3667,1.445323152
E08000035,Leeds,ltla,2020-05-04,48,3391,1.415511648
E08000035,Leeds,ltla,2020-05-03,34,2988,1.137884873
E08000035,Leeds,ltla,2020-05-02,49,3230,1.517027864
E08000035,Leeds,ltla,2020-05-01,87,4734,1.837769328
E08000035,Leeds,ltla,2020-04-30,52,4956,1.049233253
E08000035,Leeds,ltla,2020-04-29,83,5422,1.530800443
E08000035,Leeds,ltla,2020-04-28,71,4714,1.506151888
E08000035,Leeds,ltla,2020-04-27,70,4705,1.487778959
E08000035,Leeds,ltla,2020-04-26,46,3468,1.326412918
E08000035,Leeds,ltla,2020-04-25,44,3741,1.176156108
E08000035,Leeds,ltla,2020-04-24,101,4947,2.041641399
E08000035,Leeds,ltla,2020-04-23,79,5145,1.535471331
E08000035,Leeds,ltla,2020-04-22,108,5483,1.969724603
E08000035,Leeds,ltla,2020-04-21,78,4764,1.637279597
E08000035,Leeds,ltla,2020-04-20,63,4413,1.427600272
E08000035,Leeds,ltla,2020-04-19,87,3852,2.258566978
E08000035,Leeds,ltla,2020-04-18,53,4700,1.127659574
E08000035,Leeds,ltla,2020-04-17,65,4933,1.317656598
E08000035,Leeds,ltla,2020-04-16,94,5272,1.783004552
E08000035,Leeds,ltla,2020-04-15,78,5041,1.547312041
E08000035,Leeds,ltla,2020-04-14,38,4298,0.884132154
E08000035,Leeds,ltla,2020-04-13,28,4167,0.671946244
E08000035,Leeds,ltla,2020-04-12,40,3476,1.150747986
E08000035,Leeds,ltla,2020-04-11,41,3555,1.153305204
E08000035,Leeds,ltla,2020-04-10,47,4310,1.090487239
E08000035,Leeds,ltla,2020-04-09,44,4853,0.906655677
E08000035,Leeds,ltla,2020-04-08,44,5116,0.860046912
E08000035,Leeds,ltla,2020-04-07,65,5431,1.196832996
E08000035,Leeds,ltla,2020-04-06,50,5258,0.950931913
E08000035,Leeds,ltla,2020-04-05,36,3584,1.004464286
E08000035,Leeds,ltla,2020-04-04,17,4009,0.424045897
E08000035,Leeds,ltla,2020-04-03,37,4889,0.756800982
E08000035,Leeds,ltla,2020-04-02,30,4855,0.61791967
E08000035,Leeds,ltla,2020-04-01,31,4933,0.628420839
E08000035,Leeds,ltla,2020-03-31,24,4513,0.531797031
E08000035,Leeds,ltla,2020-03-30,27,4260,0.633802817
E08000035,Leeds,ltla,2020-03-29,21,2855,0.735551664
E08000035,Leeds,ltla,2020-03-28,26,2815,0.923623446
E08000035,Leeds,ltla,2020-03-27,21,3184,0.659547739
E08000035,Leeds,ltla,2020-03-26,20,3084,0.648508431
E08000035,Leeds,ltla,2020-03-25,11,2688,0.40922619
E08000035,Leeds,ltla,2020-03-24,18,2371,0.759173345
E08000035,Leeds,ltla,2020-03-23,18,2324,0.774526678
E08000035,Leeds,ltla,2020-03-22,11,1373,0.801165331
E08000035,Leeds,ltla,2020-03-21,6,1194,0.502512563
E08000035,Leeds,ltla,2020-03-20,7,1260,0.555555556
E08000035,Leeds,ltla,2020-03-19,6,1048,0.572519084
E08000035,Leeds,ltla,2020-03-18,4,991,0.403632694
E08000035,Leeds,ltla,2020-03-17,3,788,0.38071066
E08000035,Leeds,ltla,2020-03-16,1,601,0.166389351
E08000035,Leeds,ltla,2020-03-15,2,441,0.453514739
E08000035,Leeds,ltla,2020-03-14,0,362,0
E08000035,Leeds,ltla,2020-03-13,0,480,0
E08000035,Leeds,ltla,2020-03-12,1,482,0.20746888
E08000035,Leeds,ltla,2020-03-11,3,403,0.744416873
E08000035,Leeds,ltla,2020-03-10,0,266,0
E08000035,Leeds,ltla,2020-03-09,3,147,2.040816327
E08000035,Leeds,ltla,2020-03-08,0,57,0
E08000035,Leeds,ltla,2020-03-07,2,68,2.941176471
E08000035,Leeds,ltla,2020-03-06,0,81,0
E08000035,Leeds,ltla,2020-03-05,0,50,0
E08000035,Leeds,ltla,2020-03-04,1,56,1.785714286
E08000035,Leeds,ltla,2020-03-03,0,57,0
E08000035,Leeds,ltla,2020-03-02,0,39,0
E08000035,Leeds,ltla,2020-03-01,0,22,0
E08000035,Leeds,ltla,2020-02-29,0,5,0
E08000035,Leeds,ltla,2020-02-28,2,12,16.66666667
E08000012,Liverpool,ltla,2021-10-02,30,25866,0.115982371
E08000012,Liverpool,ltla,2021-10-01,179,28580,0.626312106
E08000012,Liverpool,ltla,2021-09-30,186,32002,0.581213674
E08000012,Liverpool,ltla,2021-09-29,171,34294,0.498629498
E08000012,Liverpool,ltla,2021-09-28,209,35912,0.581978169
E08000012,Liverpool,ltla,2021-09-27,249,40905,0.608727539
E08000012,Liverpool,ltla,2021-09-26,177,31515,0.561637316
E08000012,Liverpool,ltla,2021-09-25,181,27854,0.649816902
E08000012,Liverpool,ltla,2021-09-24,196,31595,0.620351321
E08000012,Liverpool,ltla,2021-09-23,210,35216,0.596319855
E08000012,Liverpool,ltla,2021-09-22,237,36149,0.655619796
E08000012,Liverpool,ltla,2021-09-21,256,38266,0.669001202
E08000012,Liverpool,ltla,2021-09-20,278,40106,0.693163118
E08000012,Liverpool,ltla,2021-09-19,237,30544,0.775929806
E08000012,Liverpool,ltla,2021-09-18,178,26304,0.676703163
E08000012,Liverpool,ltla,2021-09-17,204,29060,0.701995871
E08000012,Liverpool,ltla,2021-09-16,204,29176,0.699204826
E08000012,Liverpool,ltla,2021-09-15,234,29948,0.781354348
E08000012,Liverpool,ltla,2021-09-14,255,30940,0.824175824
E08000012,Liverpool,ltla,2021-09-13,253,34118,0.741544053
E08000012,Liverpool,ltla,2021-09-12,177,23671,0.747750412
E08000012,Liverpool,ltla,2021-09-11,170,23204,0.732632305
E08000012,Liverpool,ltla,2021-09-10,210,28727,0.731019598
E08000012,Liverpool,ltla,2021-09-09,246,33410,0.736306495
E08000012,Liverpool,ltla,2021-09-08,251,35239,0.712279009
E08000012,Liverpool,ltla,2021-09-07,293,38020,0.770647028
E08000012,Liverpool,ltla,2021-09-06,314,44146,0.71127622
E08000012,Liverpool,ltla,2021-09-05,258,31254,0.825494337
E08000012,Liverpool,ltla,2021-09-04,245,31365,0.781125458
E08000012,Liverpool,ltla,2021-09-03,302,38022,0.794276998
E08000012,Liverpool,ltla,2021-09-02,341,41626,0.819199539
E08000012,Liverpool,ltla,2021-09-01,338,42836,0.789055934
E08000012,Liverpool,ltla,2021-08-31,307,44481,0.690182325
E08000012,Liverpool,ltla,2021-08-30,241,34176,0.705173221
E08000012,Liverpool,ltla,2021-08-29,166,25697,0.645989804
E08000012,Liverpool,ltla,2021-08-28,191,27165,0.70311062
E08000012,Liverpool,ltla,2021-08-27,230,33182,0.693146887
E08000012,Liverpool,ltla,2021-08-26,273,36985,0.738137083
E08000012,Liverpool,ltla,2021-08-25,259,38098,0.679825713
E08000012,Liverpool,ltla,2021-08-24,246,37024,0.664433881
E08000012,Liverpool,ltla,2021-08-23,315,39042,0.806823421
E08000012,Liverpool,ltla,2021-08-22,208,28299,0.735008304
E08000012,Liverpool,ltla,2021-08-21,173,28091,0.615855612
E08000012,Liverpool,ltla,2021-08-20,250,31673,0.789315821
E08000012,Liverpool,ltla,2021-08-19,270,35833,0.753495381
E08000012,Liverpool,ltla,2021-08-18,270,38012,0.71030201
E08000012,Liverpool,ltla,2021-08-17,257,37188,0.691083145
E08000012,Liverpool,ltla,2021-08-16,284,36193,0.784682121
E08000012,Liverpool,ltla,2021-08-15,200,24923,0.802471613
E08000012,Liverpool,ltla,2021-08-14,197,24646,0.799318348
E08000012,Liverpool,ltla,2021-08-13,247,28448,0.868250844
E08000012,Liverpool,ltla,2021-08-12,272,31130,0.87375522
E08000012,Liverpool,ltla,2021-08-11,310,32739,0.946882923
E08000012,Liverpool,ltla,2021-08-10,322,30931,1.041026802
E08000012,Liverpool,ltla,2021-08-09,290,31533,0.919671455
E08000012,Liverpool,ltla,2021-08-08,196,22418,0.87429744
E08000012,Liverpool,ltla,2021-08-07,185,22114,0.836574116
E08000012,Liverpool,ltla,2021-08-06,232,27542,0.842349866
E08000012,Liverpool,ltla,2021-08-05,290,31082,0.933015893
E08000012,Liverpool,ltla,2021-08-04,317,31727,0.99914899
E08000012,Liverpool,ltla,2021-08-03,283,29819,0.949059325
E08000012,Liverpool,ltla,2021-08-02,290,29276,0.990572483
E08000012,Liverpool,ltla,2021-08-01,210,20513,1.023741042
E08000012,Liverpool,ltla,2021-07-31,196,20153,0.972559917
E08000012,Liverpool,ltla,2021-07-30,235,24283,0.96775522
E08000012,Liverpool,ltla,2021-07-29,278,27908,0.996130142
E08000012,Liverpool,ltla,2021-07-28,276,29663,0.930452078
E08000012,Liverpool,ltla,2021-07-27,286,29046,0.984645046
E08000012,Liverpool,ltla,2021-07-26,284,29398,0.966052112
E08000012,Liverpool,ltla,2021-07-25,207,21776,0.950587803
E08000012,Liverpool,ltla,2021-07-24,203,22481,0.902984743
E08000012,Liverpool,ltla,2021-07-23,253,27278,0.927487352
E08000012,Liverpool,ltla,2021-07-22,278,30749,0.904094442
E08000012,Liverpool,ltla,2021-07-21,272,34930,0.778700258
E08000012,Liverpool,ltla,2021-07-20,333,39067,0.852381806
E08000012,Liverpool,ltla,2021-07-19,322,46905,0.686493977
E08000012,Liverpool,ltla,2021-07-18,245,35504,0.690063091
E08000012,Liverpool,ltla,2021-07-17,293,37854,0.774026523
E08000012,Liverpool,ltla,2021-07-16,414,54241,0.763260264
E08000012,Liverpool,ltla,2021-07-15,393,60764,0.646764532
E08000012,Liverpool,ltla,2021-07-14,403,53833,0.748611447
E08000012,Liverpool,ltla,2021-07-13,376,46735,0.804536215
E08000012,Liverpool,ltla,2021-07-12,403,43648,0.923295455
E08000012,Liverpool,ltla,2021-07-11,275,30027,0.915842408
E08000012,Liverpool,ltla,2021-07-10,266,27878,0.9541574
E08000012,Liverpool,ltla,2021-07-09,360,32222,1.117249084
E08000012,Liverpool,ltla,2021-07-08,372,33353,1.115341948
E08000012,Liverpool,ltla,2021-07-07,391,37819,1.033871863
E08000012,Liverpool,ltla,2021-07-06,387,35367,1.094240394
E08000012,Liverpool,ltla,2021-07-05,394,34200,1.152046784
E08000012,Liverpool,ltla,2021-07-04,293,24672,1.187581064
E08000012,Liverpool,ltla,2021-07-03,315,23567,1.336614758
E08000012,Liverpool,ltla,2021-07-02,361,25785,1.400038782
E08000012,Liverpool,ltla,2021-07-01,418,28116,1.486697966
E08000012,Liverpool,ltla,2021-06-30,402,28331,1.418940383
E08000012,Liverpool,ltla,2021-06-29,431,27594,1.561933754
E08000012,Liverpool,ltla,2021-06-28,413,27747,1.488449202
E08000012,Liverpool,ltla,2021-06-27,252,18128,1.39011474
E08000012,Liverpool,ltla,2021-06-26,228,15972,1.427498122
E08000012,Liverpool,ltla,2021-06-25,234,17779,1.316159514
E08000012,Liverpool,ltla,2021-06-24,301,18300,1.644808743
E08000012,Liverpool,ltla,2021-06-23,311,17909,1.736557038
E08000012,Liverpool,ltla,2021-06-22,272,17007,1.599341448
E08000012,Liverpool,ltla,2021-06-21,304,15958,1.905000627
E08000012,Liverpool,ltla,2021-06-20,184,9872,1.863857374
E08000012,Liverpool,ltla,2021-06-19,173,8255,2.095699576
E08000012,Liverpool,ltla,2021-06-18,183,10053,1.820352134
E08000012,Liverpool,ltla,2021-06-17,172,10773,1.596584053
E08000012,Liverpool,ltla,2021-06-16,191,10772,1.773115485
E08000012,Liverpool,ltla,2021-06-15,170,10504,1.618431074
E08000012,Liverpool,ltla,2021-06-14,159,10106,1.573322779
E08000012,Liverpool,ltla,2021-06-13,111,6954,1.596203624
E08000012,Liverpool,ltla,2021-06-12,86,6116,1.406147809
E08000012,Liverpool,ltla,2021-06-11,118,7442,1.58559527
E08000012,Liverpool,ltla,2021-06-10,122,7840,1.556122449
E08000012,Liverpool,ltla,2021-06-09,98,8002,1.224693827
E08000012,Liverpool,ltla,2021-06-08,100,7675,1.302931596
E08000012,Liverpool,ltla,2021-06-07,99,7743,1.278574196
E08000012,Liverpool,ltla,2021-06-06,50,5405,0.92506938
E08000012,Liverpool,ltla,2021-06-05,36,4623,0.77871512
E08000012,Liverpool,ltla,2021-06-04,49,5706,0.858745181
E08000012,Liverpool,ltla,2021-06-03,49,6100,0.803278689
E08000012,Liverpool,ltla,2021-06-02,41,6049,0.677797983
E08000012,Liverpool,ltla,2021-06-01,19,5235,0.362941738
E08000012,Liverpool,ltla,2021-05-31,16,3781,0.423168474
E08000012,Liverpool,ltla,2021-05-30,7,3094,0.226244344
E08000012,Liverpool,ltla,2021-05-29,21,2933,0.715990453
E08000012,Liverpool,ltla,2021-05-28,19,3490,0.544412607
E08000012,Liverpool,ltla,2021-05-27,15,3639,0.412201154
E08000012,Liverpool,ltla,2021-05-26,19,3800,0.5
E08000012,Liverpool,ltla,2021-05-25,12,3308,0.362756953
E08000012,Liverpool,ltla,2021-05-24,9,3237,0.278035218
E08000012,Liverpool,ltla,2021-05-23,3,2242,0.133809099
E08000012,Liverpool,ltla,2021-05-22,6,1926,0.31152648
E08000012,Liverpool,ltla,2021-05-21,11,2294,0.47951177
E08000012,Liverpool,ltla,2021-05-20,11,2425,0.453608247
E08000012,Liverpool,ltla,2021-05-19,3,2713,0.110578695
E08000012,Liverpool,ltla,2021-05-18,3,2708,0.110782866
E08000012,Liverpool,ltla,2021-05-17,3,2766,0.10845987
E08000012,Liverpool,ltla,2021-05-16,4,1853,0.215866163
E08000012,Liverpool,ltla,2021-05-15,2,1582,0.12642225
E08000012,Liverpool,ltla,2021-05-14,7,1850,0.378378378
E08000012,Liverpool,ltla,2021-05-13,4,2096,0.190839695
E08000012,Liverpool,ltla,2021-05-12,9,2231,0.403406544
E08000012,Liverpool,ltla,2021-05-11,9,2200,0.409090909
E08000012,Liverpool,ltla,2021-05-10,10,2658,0.376222724
E08000012,Liverpool,ltla,2021-05-09,6,2172,0.276243094
E08000012,Liverpool,ltla,2021-05-08,4,1511,0.264725347
E08000012,Liverpool,ltla,2021-05-07,9,1883,0.477960701
E08000012,Liverpool,ltla,2021-05-06,7,2166,0.323176362
E08000012,Liverpool,ltla,2021-05-05,14,2398,0.58381985
E08000012,Liverpool,ltla,2021-05-04,19,2405,0.79002079
E08000012,Liverpool,ltla,2021-05-03,9,1971,0.456621005
E08000012,Liverpool,ltla,2021-05-02,3,1426,0.210378682
E08000012,Liverpool,ltla,2021-05-01,3,1356,0.221238938
E08000012,Liverpool,ltla,2021-04-30,3,1705,0.175953079
E08000012,Liverpool,ltla,2021-04-29,5,2083,0.240038406
E08000012,Liverpool,ltla,2021-04-28,5,2360,0.211864407
E08000012,Liverpool,ltla,2021-04-27,3,2058,0.145772595
E08000012,Liverpool,ltla,2021-04-26,14,2444,0.572831424
E08000012,Liverpool,ltla,2021-04-25,13,1992,0.652610442
E08000012,Liverpool,ltla,2021-04-24,5,1464,0.341530055
E08000012,Liverpool,ltla,2021-04-23,14,1891,0.740349022
E08000012,Liverpool,ltla,2021-04-22,10,2254,0.443655723
E08000012,Liverpool,ltla,2021-04-21,6,2543,0.235941801
E08000012,Liverpool,ltla,2021-04-20,5,2367,0.211237854
E08000012,Liverpool,ltla,2021-04-19,5,2602,0.192159877
E08000012,Liverpool,ltla,2021-04-18,9,2438,0.369155045
E08000012,Liverpool,ltla,2021-04-17,4,1638,0.244200244
E08000012,Liverpool,ltla,2021-04-16,8,2353,0.3399915
E08000012,Liverpool,ltla,2021-04-15,9,2187,0.411522634
E08000012,Liverpool,ltla,2021-04-14,16,2405,0.665280665
E08000012,Liverpool,ltla,2021-04-13,15,2334,0.642673522
E08000012,Liverpool,ltla,2021-04-12,17,2714,0.626381724
E08000012,Liverpool,ltla,2021-04-11,10,2258,0.442869796
E08000012,Liverpool,ltla,2021-04-10,5,2259,0.221336875
E08000012,Liverpool,ltla,2021-04-09,7,2785,0.251346499
E08000012,Liverpool,ltla,2021-04-08,8,2982,0.268276325
E08000012,Liverpool,ltla,2021-04-07,16,3082,0.519143413
E08000012,Liverpool,ltla,2021-04-06,18,3117,0.577478345
E08000012,Liverpool,ltla,2021-04-05,11,2617,0.420328621
E08000012,Liverpool,ltla,2021-04-04,14,2293,0.61055386
E08000012,Liverpool,ltla,2021-04-03,12,2404,0.499168053
E08000012,Liverpool,ltla,2021-04-02,12,2625,0.457142857
E08000012,Liverpool,ltla,2021-04-01,14,3472,0.403225806
E08000012,Liverpool,ltla,2021-03-31,22,3771,0.583399629
E08000012,Liverpool,ltla,2021-03-30,14,3596,0.389321468
E08000012,Liverpool,ltla,2021-03-29,13,3968,0.327620968
E08000012,Liverpool,ltla,2021-03-28,22,4658,0.472305711
E08000012,Liverpool,ltla,2021-03-27,16,3541,0.45184976
E08000012,Liverpool,ltla,2021-03-26,23,4391,0.523798679
E08000012,Liverpool,ltla,2021-03-25,34,5402,0.62939652
E08000012,Liverpool,ltla,2021-03-24,31,6015,0.515378221
E08000012,Liverpool,ltla,2021-03-23,26,5262,0.494108704
E08000012,Liverpool,ltla,2021-03-22,31,6203,0.499758182
E08000012,Liverpool,ltla,2021-03-21,25,5233,0.477737436
E08000012,Liverpool,ltla,2021-03-20,26,4102,0.633837153
E08000012,Liverpool,ltla,2021-03-19,22,4997,0.440264158
E08000012,Liverpool,ltla,2021-03-18,23,5477,0.419937922
E08000012,Liverpool,ltla,2021-03-17,27,5770,0.467937608
E08000012,Liverpool,ltla,2021-03-16,29,5675,0.511013216
E08000012,Liverpool,ltla,2021-03-15,32,6504,0.49200492
E08000012,Liverpool,ltla,2021-03-14,32,4301,0.74401302
E08000012,Liverpool,ltla,2021-03-13,31,4246,0.730098917
E08000012,Liverpool,ltla,2021-03-12,48,5590,0.858676208
E08000012,Liverpool,ltla,2021-03-11,33,5770,0.571923744
E08000012,Liverpool,ltla,2021-03-10,39,6038,0.645909241
E08000012,Liverpool,ltla,2021-03-09,46,6228,0.738599872
E08000012,Liverpool,ltla,2021-03-08,34,6643,0.51181695
E08000012,Liverpool,ltla,2021-03-07,26,4284,0.60690943
E08000012,Liverpool,ltla,2021-03-06,32,4505,0.710321865
E08000012,Liverpool,ltla,2021-03-05,31,5299,0.585016041
E08000012,Liverpool,ltla,2021-03-04,46,5726,0.803353126
E08000012,Liverpool,ltla,2021-03-03,49,5974,0.820220957
E08000012,Liverpool,ltla,2021-03-02,40,6655,0.601051841
E08000012,Liverpool,ltla,2021-03-01,51,6875,0.741818182
E08000012,Liverpool,ltla,2021-02-28,36,4714,0.763682647
E08000012,Liverpool,ltla,2021-02-27,48,4815,0.996884735
E08000012,Liverpool,ltla,2021-02-26,67,6565,1.020563595
E08000012,Liverpool,ltla,2021-02-25,91,7721,1.178603808
E08000012,Liverpool,ltla,2021-02-24,77,8544,0.901217228
E08000012,Liverpool,ltla,2021-02-23,87,9380,0.92750533
E08000012,Liverpool,ltla,2021-02-22,93,11240,0.827402135
E08000012,Liverpool,ltla,2021-02-21,79,7868,1.004067107
E08000012,Liverpool,ltla,2021-02-20,78,8053,0.968583137
E08000012,Liverpool,ltla,2021-02-19,75,10384,0.722265023
E08000012,Liverpool,ltla,2021-02-18,118,11411,1.034089913
E08000012,Liverpool,ltla,2021-02-17,109,11561,0.942825015
E08000012,Liverpool,ltla,2021-02-16,150,12483,1.201634223
E08000012,Liverpool,ltla,2021-02-15,150,14267,1.051377304
E08000012,Liverpool,ltla,2021-02-14,92,8753,1.051068205
E08000012,Liverpool,ltla,2021-02-13,96,8758,1.096140671
E08000012,Liverpool,ltla,2021-02-12,120,12162,0.986679822
E08000012,Liverpool,ltla,2021-02-11,129,12737,1.012797362
E08000012,Liverpool,ltla,2021-02-10,138,13480,1.023738872
E08000012,Liverpool,ltla,2021-02-09,185,13796,1.340968397
E08000012,Liverpool,ltla,2021-02-08,171,15704,1.088894549
E08000012,Liverpool,ltla,2021-02-07,131,11373,1.151850875
E08000012,Liverpool,ltla,2021-02-06,171,11957,1.430124613
E08000012,Liverpool,ltla,2021-02-05,169,15844,1.066649836
E08000012,Liverpool,ltla,2021-02-04,211,17955,1.175160123
E08000012,Liverpool,ltla,2021-02-03,207,19393,1.067395452
E08000012,Liverpool,ltla,2021-02-02,249,19752,1.260631835
E08000012,Liverpool,ltla,2021-02-01,202,22326,0.904774702
E08000012,Liverpool,ltla,2021-01-31,176,15365,1.145460462
E08000012,Liverpool,ltla,2021-01-30,166,16665,0.99609961
E08000012,Liverpool,ltla,2021-01-29,217,21767,0.996921946
E08000012,Liverpool,ltla,2021-01-28,237,24131,0.982139157
E08000012,Liverpool,ltla,2021-01-27,286,25669,1.114184425
E08000012,Liverpool,ltla,2021-01-26,265,26964,0.982791871
E08000012,Liverpool,ltla,2021-01-25,321,29897,1.073686323
E08000012,Liverpool,ltla,2021-01-24,235,17151,1.370182497
E08000012,Liverpool,ltla,2021-01-23,235,21818,1.077092309
E08000012,Liverpool,ltla,2021-01-22,340,29516,1.151917604
E08000012,Liverpool,ltla,2021-01-21,389,31648,1.229145602
E08000012,Liverpool,ltla,2021-01-20,392,35064,1.117955738
E08000012,Liverpool,ltla,2021-01-19,460,39454,1.165914736
E08000012,Liverpool,ltla,2021-01-18,515,44755,1.150709418
E08000012,Liverpool,ltla,2021-01-17,392,28836,1.359411846
E08000012,Liverpool,ltla,2021-01-16,402,30518,1.31725539
E08000012,Liverpool,ltla,2021-01-15,468,40374,1.159161837
E08000012,Liverpool,ltla,2021-01-14,548,42374,1.293245858
E08000012,Liverpool,ltla,2021-01-13,611,45389,1.346141136
E08000012,Liverpool,ltla,2021-01-12,668,49365,1.353185455
E08000012,Liverpool,ltla,2021-01-11,757,57093,1.325906854
E08000012,Liverpool,ltla,2021-01-10,593,36330,1.63225984
E08000012,Liverpool,ltla,2021-01-09,552,39081,1.412451063
E08000012,Liverpool,ltla,2021-01-08,681,46975,1.449707291
E08000012,Liverpool,ltla,2021-01-07,684,51949,1.316675971
E08000012,Liverpool,ltla,2021-01-06,680,57374,1.185205842
E08000012,Liverpool,ltla,2021-01-05,917,65078,1.409078337
E08000012,Liverpool,ltla,2021-01-04,927,76146,1.217398156
E08000012,Liverpool,ltla,2021-01-03,795,55162,1.441209528
E08000012,Liverpool,ltla,2021-01-02,745,60421,1.233015011
E08000012,Liverpool,ltla,2021-01-01,205,31831,0.644026264
E08000012,Liverpool,ltla,2020-12-31,525,52781,0.994676115
E08000012,Liverpool,ltla,2020-12-30,549,70746,0.776015605
E08000012,Liverpool,ltla,2020-12-29,540,81483,0.662714922
E08000012,Liverpool,ltla,2020-12-28,244,45573,0.535404735
E08000012,Liverpool,ltla,2020-12-27,237,47689,0.496969951
E08000012,Liverpool,ltla,2020-12-26,153,40365,0.379041249
E08000012,Liverpool,ltla,2020-12-25,46,14170,0.324629499
E08000012,Liverpool,ltla,2020-12-24,154,31799,0.484291959
E08000012,Liverpool,ltla,2020-12-23,173,42161,0.410331823
E08000012,Liverpool,ltla,2020-12-22,174,45650,0.381161008
E08000012,Liverpool,ltla,2020-12-21,173,47360,0.365287162
E08000012,Liverpool,ltla,2020-12-20,131,32441,0.403809994
E08000012,Liverpool,ltla,2020-12-19,93,25141,0.369913687
E08000012,Liverpool,ltla,2020-12-18,135,35829,0.376789751
E08000012,Liverpool,ltla,2020-12-17,129,33892,0.380620795
E08000012,Liverpool,ltla,2020-12-16,131,34902,0.375336657
E08000012,Liverpool,ltla,2020-12-15,121,33832,0.357649563
E08000012,Liverpool,ltla,2020-12-14,117,34697,0.337204946
E08000012,Liverpool,ltla,2020-12-13,61,21980,0.277525023
E08000012,Liverpool,ltla,2020-12-12,51,19350,0.263565891
E08000012,Liverpool,ltla,2020-12-11,76,24048,0.316034597
E08000012,Liverpool,ltla,2020-12-10,72,22599,0.318598168
E08000012,Liverpool,ltla,2020-12-09,65,21602,0.300898065
E08000012,Liverpool,ltla,2020-12-08,64,20775,0.308062575
E08000012,Liverpool,ltla,2020-12-07,91,21317,0.426889337
E08000012,Liverpool,ltla,2020-12-06,62,13573,0.456789214
E08000012,Liverpool,ltla,2020-12-05,40,12730,0.314218382
E08000012,Liverpool,ltla,2020-12-04,64,15656,0.408788963
E08000012,Liverpool,ltla,2020-12-03,78,15625,0.4992
E08000012,Liverpool,ltla,2020-12-02,58,16475,0.352048558
E08000012,Liverpool,ltla,2020-12-01,61,16445,0.370933414
E08000012,Liverpool,ltla,2020-11-30,83,18002,0.461059882
E08000012,Liverpool,ltla,2020-11-29,59,10679,0.552486188
E08000012,Liverpool,ltla,2020-11-28,47,10959,0.428871247
E08000012,Liverpool,ltla,2020-11-27,66,14367,0.459386093
E08000012,Liverpool,ltla,2020-11-26,57,14565,0.391349125
E08000012,Liverpool,ltla,2020-11-25,87,16609,0.523812391
E08000012,Liverpool,ltla,2020-11-24,78,16450,0.474164134
E08000012,Liverpool,ltla,2020-11-23,103,18766,0.548864969
E08000012,Liverpool,ltla,2020-11-22,52,11731,0.443269968
E08000012,Liverpool,ltla,2020-11-21,52,12348,0.421120829
E08000012,Liverpool,ltla,2020-11-20,97,16842,0.5759411
E08000012,Liverpool,ltla,2020-11-19,101,17744,0.569206492
E08000012,Liverpool,ltla,2020-11-18,98,20745,0.472402989
E08000012,Liverpool,ltla,2020-11-17,187,23156,0.807566074
E08000012,Liverpool,ltla,2020-11-16,155,26569,0.583386654
E08000012,Liverpool,ltla,2020-11-15,108,16019,0.674199388
E08000012,Liverpool,ltla,2020-11-14,132,17987,0.733863346
E08000012,Liverpool,ltla,2020-11-13,158,24025,0.657648283
E08000012,Liverpool,ltla,2020-11-12,188,24459,0.768633223
E08000012,Liverpool,ltla,2020-11-11,220,27346,0.804505229
E08000012,Liverpool,ltla,2020-11-10,214,27408,0.780793929
E08000012,Liverpool,ltla,2020-11-09,283,31041,0.911697432
E08000012,Liverpool,ltla,2020-11-08,194,19953,0.972284869
E08000012,Liverpool,ltla,2020-11-07,152,18513,0.821044671
E08000012,Liverpool,ltla,2020-11-06,219,23321,0.939067793
E08000012,Liverpool,ltla,2020-11-05,190,23732,0.800606776
E08000012,Liverpool,ltla,2020-11-04,175,23670,0.739332488
E08000012,Liverpool,ltla,2020-11-03,217,25576,0.848451673
E08000012,Liverpool,ltla,2020-11-02,259,31504,0.822117826
E08000012,Liverpool,ltla,2020-11-01,134,15749,0.850847673
E08000012,Liverpool,ltla,2020-10-31,139,16478,0.843548974
E08000012,Liverpool,ltla,2020-10-30,238,22648,1.050865419
E08000012,Liverpool,ltla,2020-10-29,248,23330,1.063009001
E08000012,Liverpool,ltla,2020-10-28,245,23603,1.038003644
E08000012,Liverpool,ltla,2020-10-27,293,24077,1.216929019
E08000012,Liverpool,ltla,2020-10-26,319,26537,1.202095188
E08000012,Liverpool,ltla,2020-10-25,194,15716,1.234410792
E08000012,Liverpool,ltla,2020-10-24,204,16221,1.257628999
E08000012,Liverpool,ltla,2020-10-23,290,21450,1.351981352
E08000012,Liverpool,ltla,2020-10-22,345,23221,1.485724129
E08000012,Liverpool,ltla,2020-10-21,360,25418,1.416319144
E08000012,Liverpool,ltla,2020-10-20,399,25304,1.576825798
E08000012,Liverpool,ltla,2020-10-19,526,25599,2.054767764
E08000012,Liverpool,ltla,2020-10-18,253,14184,1.783699944
E08000012,Liverpool,ltla,2020-10-17,312,14748,2.11554109
E08000012,Liverpool,ltla,2020-10-16,375,17703,2.118285036
E08000012,Liverpool,ltla,2020-10-15,449,18416,2.438097307
E08000012,Liverpool,ltla,2020-10-14,427,19687,2.168943973
E08000012,Liverpool,ltla,2020-10-13,490,18877,2.595751444
E08000012,Liverpool,ltla,2020-10-12,573,19416,2.951174289
E08000012,Liverpool,ltla,2020-10-11,352,12056,2.919708029
E08000012,Liverpool,ltla,2020-10-10,348,12499,2.784222738
E08000012,Liverpool,ltla,2020-10-09,462,15712,2.940427699
E08000012,Liverpool,ltla,2020-10-08,642,18223,3.523020359
E08000012,Liverpool,ltla,2020-10-07,623,18304,3.403627622
E08000012,Liverpool,ltla,2020-10-06,636,17046,3.731080605
E08000012,Liverpool,ltla,2020-10-05,590,16540,3.567110036
E08000012,Liverpool,ltla,2020-10-04,451,11793,3.824302552
E08000012,Liverpool,ltla,2020-10-03,397,11519,3.446479729
E08000012,Liverpool,ltla,2020-10-02,462,13680,3.377192982
E08000012,Liverpool,ltla,2020-10-01,555,13182,4.210286755
E08000012,Liverpool,ltla,2020-09-30,519,12554,4.134140513
E08000012,Liverpool,ltla,2020-09-29,434,10224,4.244913928
E08000012,Liverpool,ltla,2020-09-28,422,9918,4.254890099
E08000012,Liverpool,ltla,2020-09-27,290,6970,4.160688666
E08000012,Liverpool,ltla,2020-09-26,269,6744,3.988730724
E08000012,Liverpool,ltla,2020-09-25,278,7235,3.842432619
E08000012,Liverpool,ltla,2020-09-24,259,7600,3.407894737
E08000012,Liverpool,ltla,2020-09-23,247,7048,3.504540295
E08000012,Liverpool,ltla,2020-09-22,206,6399,3.219253008
E08000012,Liverpool,ltla,2020-09-21,166,5595,2.966934763
E08000012,Liverpool,ltla,2020-09-20,186,5313,3.500846979
E08000012,Liverpool,ltla,2020-09-19,166,4845,3.42621259
E08000012,Liverpool,ltla,2020-09-18,172,4953,3.472642843
E08000012,Liverpool,ltla,2020-09-17,161,4617,3.487112844
E08000012,Liverpool,ltla,2020-09-16,123,4348,2.828886845
E08000012,Liverpool,ltla,2020-09-15,92,3537,2.601074357
E08000012,Liverpool,ltla,2020-09-14,80,3379,2.367564368
E08000012,Liverpool,ltla,2020-09-13,78,2129,3.663691874
E08000012,Liverpool,ltla,2020-09-12,74,2655,2.787193974
E08000012,Liverpool,ltla,2020-09-11,86,3280,2.62195122
E08000012,Liverpool,ltla,2020-09-10,91,3578,2.543320291
E08000012,Liverpool,ltla,2020-09-09,92,3328,2.764423077
E08000012,Liverpool,ltla,2020-09-08,59,3303,1.78625492
E08000012,Liverpool,ltla,2020-09-07,65,3857,1.685247602
E08000012,Liverpool,ltla,2020-09-06,36,2440,1.475409836
E08000012,Liverpool,ltla,2020-09-05,63,2540,2.480314961
E08000012,Liverpool,ltla,2020-09-04,62,3037,2.041488311
E08000012,Liverpool,ltla,2020-09-03,46,3094,1.486748546
E08000012,Liverpool,ltla,2020-09-02,36,2994,1.20240481
E08000012,Liverpool,ltla,2020-09-01,15,2249,0.666963095
E08000012,Liverpool,ltla,2020-08-31,16,1500,1.066666667
E08000012,Liverpool,ltla,2020-08-30,14,1159,1.207937877
E08000012,Liverpool,ltla,2020-08-29,10,1220,0.819672131
E08000012,Liverpool,ltla,2020-08-28,20,1623,1.23228589
E08000012,Liverpool,ltla,2020-08-27,9,1549,0.581020013
E08000012,Liverpool,ltla,2020-08-26,11,1348,0.816023739
E08000012,Liverpool,ltla,2020-08-25,10,1245,0.803212851
E08000012,Liverpool,ltla,2020-08-24,12,1272,0.943396226
E08000012,Liverpool,ltla,2020-08-23,4,825,0.484848485
E08000012,Liverpool,ltla,2020-08-22,8,824,0.970873786
E08000012,Liverpool,ltla,2020-08-21,15,1197,1.253132832
E08000012,Liverpool,ltla,2020-08-20,8,1459,0.548320768
E08000012,Liverpool,ltla,2020-08-19,18,1240,1.451612903
E08000012,Liverpool,ltla,2020-08-18,14,1082,1.293900185
E08000012,Liverpool,ltla,2020-08-17,22,1278,1.72143975
E08000012,Liverpool,ltla,2020-08-16,9,598,1.505016722
E08000012,Liverpool,ltla,2020-08-15,3,693,0.432900433
E08000012,Liverpool,ltla,2020-08-14,11,1161,0.947459087
E08000012,Liverpool,ltla,2020-08-13,12,1139,1.053555751
E08000012,Liverpool,ltla,2020-08-12,7,1206,0.580431177
E08000012,Liverpool,ltla,2020-08-11,7,1340,0.52238806
E08000012,Liverpool,ltla,2020-08-10,17,1468,1.158038147
E08000012,Liverpool,ltla,2020-08-09,4,614,0.651465798
E08000012,Liverpool,ltla,2020-08-08,8,695,1.151079137
E08000012,Liverpool,ltla,2020-08-07,7,944,0.741525424
E08000012,Liverpool,ltla,2020-08-06,10,1080,0.925925926
E08000012,Liverpool,ltla,2020-08-05,14,1057,1.324503311
E08000012,Liverpool,ltla,2020-08-04,6,1018,0.589390963
E08000012,Liverpool,ltla,2020-08-03,10,1035,0.966183575
E08000012,Liverpool,ltla,2020-08-02,9,554,1.624548736
E08000012,Liverpool,ltla,2020-08-01,4,543,0.73664825
E08000012,Liverpool,ltla,2020-07-31,14,677,2.067946824
E08000012,Liverpool,ltla,2020-07-30,7,925,0.756756757
E08000012,Liverpool,ltla,2020-07-29,16,1037,1.542912247
E08000012,Liverpool,ltla,2020-07-28,2,841,0.237812128
E08000012,Liverpool,ltla,2020-07-27,15,855,1.754385965
E08000012,Liverpool,ltla,2020-07-26,13,558,2.329749104
E08000012,Liverpool,ltla,2020-07-25,6,523,1.147227533
E08000012,Liverpool,ltla,2020-07-24,4,773,0.517464424
E08000012,Liverpool,ltla,2020-07-23,0,794,0
E08000012,Liverpool,ltla,2020-07-22,12,794,1.511335013
E08000012,Liverpool,ltla,2020-07-21,7,781,0.896286812
E08000012,Liverpool,ltla,2020-07-20,2,812,0.246305419
E08000012,Liverpool,ltla,2020-07-19,1,443,0.225733634
E08000012,Liverpool,ltla,2020-07-18,4,497,0.804828974
E08000012,Liverpool,ltla,2020-07-17,3,580,0.517241379
E08000012,Liverpool,ltla,2020-07-16,3,706,0.424929178
E08000012,Liverpool,ltla,2020-07-15,1,774,0.129198966
E08000012,Liverpool,ltla,2020-07-14,1,693,0.144300144
E08000012,Liverpool,ltla,2020-07-13,4,733,0.545702592
E08000012,Liverpool,ltla,2020-07-12,3,369,0.81300813
E08000012,Liverpool,ltla,2020-07-11,4,446,0.896860987
E08000012,Liverpool,ltla,2020-07-10,1,566,0.176678445
E08000012,Liverpool,ltla,2020-07-09,3,718,0.417827298
E08000012,Liverpool,ltla,2020-07-08,4,702,0.56980057
E08000012,Liverpool,ltla,2020-07-07,4,604,0.662251656
E08000012,Liverpool,ltla,2020-07-06,3,703,0.426742532
E08000012,Liverpool,ltla,2020-07-05,9,556,1.618705036
E08000012,Liverpool,ltla,2020-07-04,1,401,0.249376559
E08000012,Liverpool,ltla,2020-07-03,7,574,1.219512195
E08000012,Liverpool,ltla,2020-07-02,10,608,1.644736842
E08000012,Liverpool,ltla,2020-07-01,8,657,1.217656012
E08000012,Liverpool,ltla,2020-06-30,6,617,0.972447326
E08000012,Liverpool,ltla,2020-06-29,13,729,1.783264746
E08000012,Liverpool,ltla,2020-06-28,7,446,1.569506726
E08000012,Liverpool,ltla,2020-06-27,6,652,0.920245399
E08000012,Liverpool,ltla,2020-06-26,2,669,0.298953662
E08000012,Liverpool,ltla,2020-06-25,7,721,0.970873786
E08000012,Liverpool,ltla,2020-06-24,6,775,0.774193548
E08000012,Liverpool,ltla,2020-06-23,4,888,0.45045045
E08000012,Liverpool,ltla,2020-06-22,9,894,1.006711409
E08000012,Liverpool,ltla,2020-06-21,6,638,0.940438871
E08000012,Liverpool,ltla,2020-06-20,1,686,0.145772595
E08000012,Liverpool,ltla,2020-06-19,2,994,0.201207243
E08000012,Liverpool,ltla,2020-06-18,2,1025,0.195121951
E08000012,Liverpool,ltla,2020-06-17,13,1012,1.28458498
E08000012,Liverpool,ltla,2020-06-16,5,1104,0.452898551
E08000012,Liverpool,ltla,2020-06-15,4,1041,0.384245917
E08000012,Liverpool,ltla,2020-06-14,3,819,0.366300366
E08000012,Liverpool,ltla,2020-06-13,6,887,0.67643743
E08000012,Liverpool,ltla,2020-06-12,6,1060,0.566037736
E08000012,Liverpool,ltla,2020-06-11,6,1010,0.594059406
E08000012,Liverpool,ltla,2020-06-10,6,1191,0.503778338
E08000012,Liverpool,ltla,2020-06-09,2,1155,0.173160173
E08000012,Liverpool,ltla,2020-06-08,2,1096,0.182481752
E08000012,Liverpool,ltla,2020-06-07,4,722,0.55401662
E08000012,Liverpool,ltla,2020-06-06,4,806,0.496277916
E08000012,Liverpool,ltla,2020-06-05,5,1125,0.444444444
E08000012,Liverpool,ltla,2020-06-04,11,1251,0.879296563
E08000012,Liverpool,ltla,2020-06-03,7,1356,0.516224189
E08000012,Liverpool,ltla,2020-06-02,6,1485,0.404040404
E08000012,Liverpool,ltla,2020-06-01,6,1439,0.41695622
E08000012,Liverpool,ltla,2020-05-31,6,1082,0.554528651
E08000012,Liverpool,ltla,2020-05-30,11,1118,0.983899821
E08000012,Liverpool,ltla,2020-05-29,7,1527,0.458415193
E08000012,Liverpool,ltla,2020-05-28,13,1754,0.741163056
E08000012,Liverpool,ltla,2020-05-27,18,1826,0.985761227
E08000012,Liverpool,ltla,2020-05-26,16,2057,0.777831794
E08000012,Liverpool,ltla,2020-05-25,14,1616,0.866336634
E08000012,Liverpool,ltla,2020-05-24,22,1364,1.612903226
E08000012,Liverpool,ltla,2020-05-23,14,1527,0.916830386
E08000012,Liverpool,ltla,2020-05-22,9,2052,0.438596491
E08000012,Liverpool,ltla,2020-05-21,14,2566,0.545596259
E08000012,Liverpool,ltla,2020-05-20,16,2701,0.592373195
E08000012,Liverpool,ltla,2020-05-19,15,3049,0.491964579
E08000012,Liverpool,ltla,2020-05-18,10,2575,0.388349515
E08000012,Liverpool,ltla,2020-05-17,10,1835,0.544959128
E08000012,Liverpool,ltla,2020-05-16,7,2074,0.337512054
E08000012,Liverpool,ltla,2020-05-15,31,2525,1.227722772
E08000012,Liverpool,ltla,2020-05-14,13,2622,0.495804729
E08000012,Liverpool,ltla,2020-05-13,23,3308,0.69528416
E08000012,Liverpool,ltla,2020-05-12,39,3388,1.151121606
E08000012,Liverpool,ltla,2020-05-11,17,3576,0.475391499
E08000012,Liverpool,ltla,2020-05-10,16,2322,0.689061154
E08000012,Liverpool,ltla,2020-05-09,14,2164,0.646950092
E08000012,Liverpool,ltla,2020-05-08,26,3064,0.848563969
E08000012,Liverpool,ltla,2020-05-07,23,3772,0.609756098
E08000012,Liverpool,ltla,2020-05-06,23,3817,0.602567461
E08000012,Liverpool,ltla,2020-05-05,31,3667,0.845377693
E08000012,Liverpool,ltla,2020-05-04,19,3391,0.560306694
E08000012,Liverpool,ltla,2020-05-03,30,2988,1.004016064
E08000012,Liverpool,ltla,2020-05-02,30,3230,0.92879257
E08000012,Liverpool,ltla,2020-05-01,43,4734,0.908322771
E08000012,Liverpool,ltla,2020-04-30,39,4956,0.786924939
E08000012,Liverpool,ltla,2020-04-29,47,5422,0.866838805
E08000012,Liverpool,ltla,2020-04-28,38,4714,0.806109461
E08000012,Liverpool,ltla,2020-04-27,38,4705,0.807651435
E08000012,Liverpool,ltla,2020-04-26,19,3468,0.547866205
E08000012,Liverpool,ltla,2020-04-25,42,3741,1.122694467
E08000012,Liverpool,ltla,2020-04-24,38,4947,0.768142308
E08000012,Liverpool,ltla,2020-04-23,33,5145,0.641399417
E08000012,Liverpool,ltla,2020-04-22,53,5483,0.966624111
E08000012,Liverpool,ltla,2020-04-21,42,4764,0.881612091
E08000012,Liverpool,ltla,2020-04-20,44,4413,0.997054158
E08000012,Liverpool,ltla,2020-04-19,28,3852,0.726895119
E08000012,Liverpool,ltla,2020-04-18,47,4700,1
E08000012,Liverpool,ltla,2020-04-17,36,4933,0.729779039
E08000012,Liverpool,ltla,2020-04-16,54,5272,1.024279211
E08000012,Liverpool,ltla,2020-04-15,43,5041,0.853005356
E08000012,Liverpool,ltla,2020-04-14,30,4298,0.697999069
E08000012,Liverpool,ltla,2020-04-13,37,4167,0.887928966
E08000012,Liverpool,ltla,2020-04-12,35,3476,1.006904488
E08000012,Liverpool,ltla,2020-04-11,40,3555,1.125175809
E08000012,Liverpool,ltla,2020-04-10,34,4310,0.788863109
E08000012,Liverpool,ltla,2020-04-09,66,4853,1.359983515
E08000012,Liverpool,ltla,2020-04-08,75,5116,1.465989054
E08000012,Liverpool,ltla,2020-04-07,66,5431,1.215245811
E08000012,Liverpool,ltla,2020-04-06,51,5258,0.969950552
E08000012,Liverpool,ltla,2020-04-05,46,3584,1.283482143
E08000012,Liverpool,ltla,2020-04-04,48,4009,1.197306061
E08000012,Liverpool,ltla,2020-04-03,59,4889,1.206790755
E08000012,Liverpool,ltla,2020-04-02,55,4855,1.132852729
E08000012,Liverpool,ltla,2020-04-01,48,4933,0.973038719
E08000012,Liverpool,ltla,2020-03-31,42,4513,0.930644804
E08000012,Liverpool,ltla,2020-03-30,43,4260,1.009389671
E08000012,Liverpool,ltla,2020-03-29,36,2855,1.260945709
E08000012,Liverpool,ltla,2020-03-28,27,2815,0.959147425
E08000012,Liverpool,ltla,2020-03-27,27,3184,0.84798995
E08000012,Liverpool,ltla,2020-03-26,34,3084,1.102464332
E08000012,Liverpool,ltla,2020-03-25,24,2688,0.892857143
E08000012,Liverpool,ltla,2020-03-24,26,2371,1.09658372
E08000012,Liverpool,ltla,2020-03-23,18,2324,0.774526678
E08000012,Liverpool,ltla,2020-03-22,13,1373,0.946831755
E08000012,Liverpool,ltla,2020-03-21,14,1194,1.172529313
E08000012,Liverpool,ltla,2020-03-20,10,1260,0.793650794
E08000012,Liverpool,ltla,2020-03-19,6,1048,0.572519084
E08000012,Liverpool,ltla,2020-03-18,9,991,0.908173562
E08000012,Liverpool,ltla,2020-03-17,4,788,0.507614213
E08000012,Liverpool,ltla,2020-03-16,3,601,0.499168053
E08000012,Liverpool,ltla,2020-03-15,1,441,0.22675737
E08000012,Liverpool,ltla,2020-03-14,2,362,0.552486188
E08000012,Liverpool,ltla,2020-03-13,4,480,0.833333333
E08000012,Liverpool,ltla,2020-03-12,3,482,0.622406639
E08000012,Liverpool,ltla,2020-03-11,0,403,0
E08000012,Liverpool,ltla,2020-03-10,1,266,0.37593985
E08000012,Liverpool,ltla,2020-03-09,0,147,0
E08000012,Liverpool,ltla,2020-03-08,0,57,0
E08000012,Liverpool,ltla,2020-03-07,2,68,2.941176471
E08000012,Liverpool,ltla,2020-03-06,1,81,1.234567901
E08000012,Liverpool,ltla,2020-03-05,0,50,0
E08000012,Liverpool,ltla,2020-03-04,0,56,0
E08000012,Liverpool,ltla,2020-03-03,2,57,3.50877193
E08000012,Liverpool,ltla,2020-03-02,1,39,2.564102564
