Date,GOOG,AMZN
2016-12-21,794.5599975585938,770.5999755859375
2016-12-22,791.260009765625,766.3400268554688
2016-12-23,789.9099731445312,760.5900268554688
2016-12-27,791.5499877929688,771.4000244140625
2016-12-28,785.0499877929688,772.1300048828125
2016-12-29,782.7899780273438,765.1500244140625
2016-12-30,771.8200073242188,749.8699951171875
2017-01-03,786.1400146484375,753.6699829101562
2017-01-04,786.9000244140625,757.1799926757812
2017-01-05,794.02001953125,780.4500122070312
2017-01-06,806.1500244140625,795.989990234375
2017-01-09,806.6500244140625,796.9199829101562
2017-01-10,804.7899780273438,795.9000244140625
2017-01-11,807.9099731445312,799.02001953125
2017-01-12,806.3599853515625,813.6400146484375
2017-01-13,807.8800048828125,817.1400146484375
2017-01-17,804.6099853515625,809.719970703125
2017-01-18,806.0700073242188,807.47998046875
2017-01-19,802.1749877929688,809.0399780273438
2017-01-20,805.02001953125,808.3300170898438
2017-01-23,819.3099975585938,817.8800048828125
2017-01-24,823.8699951171875,822.4400024414062
2017-01-25,835.6699829101562,836.52001953125
2017-01-26,832.1500244140625,839.1500244140625
2017-01-27,823.3099975585938,835.77001953125
2017-01-30,802.3200073242188,830.3800048828125
2017-01-31,796.7899780273438,823.47998046875
2017-02-01,795.6950073242188,832.3499755859375
2017-02-02,798.530029296875,839.9500122070312
2017-02-03,801.489990234375,810.2000122070312
2017-02-06,801.3400268554688,807.6400146484375
2017-02-07,806.969970703125,812.5
2017-02-08,808.3800048828125,819.7100219726562
2017-02-09,809.5599975585938,821.3599853515625
2017-02-10,813.6699829101562,827.4600219726562
2017-02-13,819.239990234375,836.530029296875
2017-02-14,820.4500122070312,836.3900146484375
2017-02-15,818.97998046875,842.7000122070312
2017-02-16,824.1599731445312,844.1400146484375
2017-02-17,828.0700073242188,845.0700073242188
2017-02-21,831.6599731445312,856.4400024414062
2017-02-22,830.760009765625,855.6099853515625
2017-02-23,831.3300170898438,852.1900024414062
2017-02-24,828.6400146484375,845.239990234375
2017-02-27,829.280029296875,848.6400146484375
2017-02-28,823.2100219726562,845.0399780273438
2017-03-01,835.239990234375,853.0800170898438
2017-03-02,830.6300048828125,848.9099731445312
2017-03-03,829.0800170898438,849.8800048828125
2017-03-06,827.780029296875,846.6099853515625
2017-03-07,831.9099731445312,846.02001953125
2017-03-08,835.3699951171875,850.5
2017-03-09,838.6799926757812,853.0
2017-03-10,843.25,852.4600219726562
2017-03-13,845.5399780273438,854.5900268554688
2017-03-14,845.6199951171875,852.530029296875
2017-03-15,847.2000122070312,852.969970703125
2017-03-16,848.780029296875,853.4199829101562
2017-03-17,852.1199951171875,852.3099975585938
2017-03-20,848.4000244140625,856.969970703125
2017-03-21,830.4600219726562,843.2000122070312
2017-03-22,829.5900268554688,848.0599975585938
2017-03-23,817.5800170898438,847.3800048828125
2017-03-24,814.4299926757812,845.6099853515625
2017-03-27,819.510009765625,846.8200073242188
2017-03-28,820.9199829101562,856.0
2017-03-29,831.4099731445312,874.3200073242188
2017-03-30,831.5,876.3400268554688
2017-03-31,829.5599975585938,886.5399780273438
2017-04-03,838.5499877929688,891.510009765625
2017-04-04,834.5700073242188,906.8300170898438
2017-04-05,831.4099731445312,909.280029296875
2017-04-06,827.8800048828125,898.280029296875
2017-04-07,824.6699829101562,894.8800048828125
2017-04-10,824.72998046875,907.0399780273438
2017-04-11,823.3499755859375,902.3599853515625
2017-04-12,824.3200073242188,896.22998046875
2017-04-13,823.5599975585938,884.6699829101562
2017-04-17,837.1699829101562,901.989990234375
2017-04-18,836.8200073242188,903.780029296875
2017-04-19,838.2100219726562,899.2000122070312
2017-04-20,841.6500244140625,902.0599975585938
2017-04-21,843.1900024414062,898.530029296875
2017-04-24,862.760009765625,907.4099731445312
2017-04-25,872.2999877929688,907.6199951171875
2017-04-26,871.72998046875,909.2899780273438
2017-04-27,874.25,918.3800048828125
2017-04-28,905.9600219726562,924.989990234375
2017-05-01,912.5700073242188,948.22998046875
2017-05-02,916.4400024414062,946.9400024414062
2017-05-03,927.0399780273438,941.030029296875
2017-05-04,931.6599731445312,937.530029296875
2017-05-05,927.1300048828125,934.1500244140625
2017-05-08,934.2999877929688,949.0399780273438
2017-05-09,932.1699829101562,952.8200073242188
2017-05-10,928.780029296875,948.9500122070312
2017-05-11,930.5999755859375,947.6199951171875
2017-05-12,932.219970703125,961.3499755859375
2017-05-15,937.0800170898438,957.969970703125
2017-05-16,943.0,966.0700073242188
2017-05-17,919.6199951171875,944.760009765625
2017-05-18,930.239990234375,958.489990234375
2017-05-19,934.010009765625,959.8400268554688
2017-05-22,941.8599853515625,970.6699829101562
2017-05-23,948.8200073242188,971.5399780273438
2017-05-24,954.9600219726562,980.3499755859375
2017-05-25,969.5399780273438,993.3800048828125
2017-05-26,971.469970703125,995.780029296875
2017-05-30,975.8800048828125,996.7000122070312
2017-05-31,964.8599853515625,994.6199951171875
2017-06-01,966.9500122070312,995.9500122070312
2017-06-02,975.5999755859375,1006.72998046875
2017-06-05,983.6799926757812,1011.3400268554688
2017-06-06,976.5700073242188,1003.0
2017-06-07,980.9400024414062,1010.0700073242188
2017-06-08,983.4099731445312,1010.27001953125
2017-06-09,949.8300170898438,978.3099975585938
2017-06-12,942.9000244140625,964.9099731445312
2017-06-13,953.4000244140625,980.7899780273438
2017-06-14,950.760009765625,976.469970703125
2017-06-15,942.3099975585938,964.1699829101562
2017-06-16,939.780029296875,987.7100219726562
2017-06-19,957.3699951171875,995.1699829101562
2017-06-20,950.6300048828125,992.5900268554688
2017-06-21,959.4500122070312,1002.22998046875
2017-06-22,957.0900268554688,1001.2999877929688
2017-06-23,965.5900268554688,1003.739990234375
2017-06-26,952.27001953125,993.97998046875
2017-06-27,927.3300170898438,976.780029296875
2017-06-28,940.489990234375,990.3300170898438
2017-06-29,917.7899780273438,975.9299926757812
2017-06-30,908.72998046875,968.0
2017-07-03,898.7000122070312,953.6599731445312
2017-07-05,911.7100219726562,971.4000244140625
2017-07-06,906.6900024414062,965.1400146484375
2017-07-07,918.5900268554688,978.760009765625
2017-07-10,928.7999877929688,996.469970703125
2017-07-11,930.0900268554688,994.1300048828125
2017-07-12,943.8300170898438,1006.510009765625
2017-07-13,947.1599731445312,1000.6300048828125
2017-07-14,955.989990234375,1001.8099975585938
2017-07-17,953.4199829101562,1010.0399780273438
2017-07-18,965.4000244140625,1024.449951171875
2017-07-19,970.8900146484375,1026.8699951171875
2017-07-20,968.1500244140625,1028.699951171875
2017-07-21,972.9199829101562,1025.6700439453125
2017-07-24,980.3400268554688,1038.949951171875
2017-07-25,950.7000122070312,1039.8699951171875
2017-07-26,947.7999877929688,1052.800048828125
2017-07-27,934.0900268554688,1046.0
2017-07-28,941.530029296875,1020.0399780273438
2017-07-31,930.5,987.780029296875
2017-08-01,930.8300170898438,996.1900024414062
2017-08-02,930.3900146484375,995.8900146484375
2017-08-03,923.6500244140625,986.9199829101562
2017-08-04,927.9600219726562,987.5800170898438
2017-08-07,929.3599853515625,992.27001953125
2017-08-08,926.7899780273438,989.8400268554688
2017-08-09,922.9000244140625,982.010009765625
2017-08-10,907.239990234375,956.9199829101562
2017-08-11,914.3900146484375,967.989990234375
2017-08-14,922.6699829101562,983.2999877929688
2017-08-15,922.219970703125,982.739990234375
2017-08-16,926.9600219726562,978.1799926757812
2017-08-17,910.97998046875,960.5700073242188
2017-08-18,910.6699829101562,958.469970703125
2017-08-21,906.6599731445312,953.2899780273438
2017-08-22,924.6900024414062,966.9000244140625
2017-08-23,927.0,958.0
2017-08-24,921.280029296875,952.4500122070312
2017-08-25,915.8900146484375,945.260009765625
2017-08-28,913.8099975585938,946.02001953125
2017-08-29,921.2899780273438,954.0599975585938
2017-08-30,929.5700073242188,967.5900268554688
2017-08-31,939.3300170898438,980.5999755859375
2017-09-01,937.3400268554688,978.25
2017-09-05,928.4500122070312,965.27001953125
2017-09-06,927.8099975585938,967.7999877929688
2017-09-07,935.9500122070312,979.469970703125
2017-09-08,926.5,965.9000244140625
2017-09-11,929.0800170898438,977.9600219726562
2017-09-12,932.0700073242188,982.5800170898438
2017-09-13,935.0900268554688,999.5999755859375
2017-09-14,925.1099853515625,992.2100219726562
2017-09-15,920.2899780273438,986.7899780273438
2017-09-18,915.0,974.1900024414062
2017-09-19,921.8099975585938,969.8599853515625
2017-09-20,931.5800170898438,973.2100219726562
2017-09-21,932.4500122070312,964.6500244140625
2017-09-22,928.530029296875,955.0999755859375
2017-09-25,920.969970703125,939.7899780273438
2017-09-26,924.8599853515625,938.5999755859375
2017-09-27,944.489990234375,950.8699951171875
2017-09-28,949.5,956.4000244140625
2017-09-29,959.1099853515625,961.3499755859375
2017-10-02,953.27001953125,959.1900024414062
2017-10-03,957.7899780273438,957.0999755859375
2017-10-04,951.6799926757812,965.4500122070312
2017-10-05,969.9600219726562,980.8499755859375
2017-10-06,978.8900146484375,989.5800170898438
2017-10-09,977.0,990.989990234375
2017-10-10,972.5999755859375,987.2000122070312
2017-10-11,989.25,995.0
2017-10-12,987.8300170898438,1000.9299926757812
2017-10-13,989.6799926757812,1002.9400024414062
2017-10-16,992.0,1006.3400268554688
2017-10-17,992.1799926757812,1009.1300048828125
2017-10-18,992.8099975585938,997.0
2017-10-19,984.4500122070312,986.6099853515625
2017-10-20,988.2000122070312,982.9099731445312
2017-10-23,968.4500122070312,966.2999877929688
2017-10-24,970.5399780273438,975.9000244140625
2017-10-25,973.3300170898438,972.9099731445312
2017-10-26,972.5599975585938,972.4299926757812
2017-10-27,1019.27001953125,1100.949951171875
2017-10-30,1017.1099853515625,1110.8499755859375
2017-10-31,1016.6400146484375,1105.280029296875
2017-11-01,1025.5,1103.6800537109375
2017-11-02,1025.5799560546875,1094.219970703125
2017-11-03,1032.47998046875,1111.5999755859375
2017-11-06,1025.9000244140625,1120.6600341796875
2017-11-07,1033.3299560546875,1123.1700439453125
2017-11-08,1039.8499755859375,1132.8800048828125
2017-11-09,1031.260009765625,1129.1300048828125
2017-11-10,1028.0699462890625,1125.3499755859375
2017-11-13,1025.75,1129.1700439453125
2017-11-14,1026.0,1136.8399658203125
2017-11-15,1020.9099731445312,1126.68994140625
2017-11-16,1032.5,1137.2900390625
2017-11-17,1019.0900268554688,1129.8800048828125
2017-11-20,1018.3800048828125,1126.31005859375
2017-11-21,1034.489990234375,1139.489990234375
2017-11-22,1035.9599609375,1156.1600341796875
2017-11-24,1040.6099853515625,1186.0
2017-11-27,1054.2099609375,1195.8299560546875
2017-11-28,1047.4100341796875,1193.5999755859375
2017-11-29,1021.6599731445312,1161.27001953125
2017-11-30,1021.4099731445312,1176.75
2017-12-01,1010.1699829101562,1162.3499755859375
2017-12-04,998.6799926757812,1133.949951171875
2017-12-05,1005.1500244140625,1141.5699462890625
2017-12-06,1018.3800048828125,1152.3499755859375
2017-12-07,1030.9300537109375,1159.7900390625
2017-12-08,1037.050048828125,1162.0
2017-12-11,1041.0999755859375,1168.9200439453125
2017-12-12,1040.47998046875,1165.0799560546875
2017-12-13,1040.6099853515625,1164.1300048828125
2017-12-14,1049.1500244140625,1174.260009765625
2017-12-15,1064.18994140625,1179.1400146484375
2017-12-18,1077.1400146484375,1190.5799560546875
2017-12-19,1070.6800537109375,1187.3800048828125
2017-12-20,1064.949951171875,1177.6199951171875
2017-12-21,1063.6300048828125,1174.760009765625
2017-12-22,1060.1199951171875,1168.3599853515625
2017-12-26,1056.739990234375,1176.760009765625
2017-12-27,1049.3699951171875,1182.260009765625
2017-12-28,1048.1400146484375,1186.0999755859375
2017-12-29,1046.4000244140625,1169.469970703125
2018-01-02,1065.0,1189.010009765625
2018-01-03,1082.47998046875,1204.199951171875
2018-01-04,1086.4000244140625,1209.5899658203125
2018-01-05,1102.22998046875,1229.1400146484375
2018-01-08,1106.93994140625,1246.8699951171875
2018-01-09,1106.260009765625,1252.699951171875
2018-01-10,1102.6099853515625,1254.3299560546875
2018-01-11,1105.52001953125,1276.6800537109375
2018-01-12,1122.260009765625,1305.199951171875
2018-01-16,1121.760009765625,1304.8599853515625
2018-01-17,1131.97998046875,1295.0
2018-01-18,1129.7900390625,1293.3199462890625
2018-01-19,1137.510009765625,1294.5799560546875
2018-01-22,1155.81005859375,1327.31005859375
2018-01-23,1169.969970703125,1362.5400390625
2018-01-24,1164.239990234375,1357.510009765625
2018-01-25,1170.3699951171875,1377.949951171875
2018-01-26,1175.8399658203125,1402.050048828125
2018-01-29,1175.5799560546875,1417.6800537109375
2018-01-30,1163.68994140625,1437.8199462890625
2018-01-31,1169.93994140625,1450.8900146484375
2018-02-01,1167.699951171875,1390.0
2018-02-02,1111.9000244140625,1429.949951171875
2018-02-05,1055.800048828125,1390.0
2018-02-06,1080.5999755859375,1442.8399658203125
2018-02-07,1048.5799560546875,1416.780029296875
2018-02-08,1001.52001953125,1350.5
2018-02-09,1037.780029296875,1339.5999755859375
2018-02-12,1051.93994140625,1386.22998046875
2018-02-13,1052.0999755859375,1414.510009765625
2018-02-14,1069.699951171875,1451.050048828125
2018-02-15,1089.52001953125,1461.760009765625
2018-02-16,1094.800048828125,1448.68994140625
2018-02-20,1102.4599609375,1468.3499755859375
2018-02-21,1111.3399658203125,1482.9200439453125
2018-02-22,1106.6300048828125,1485.3399658203125
2018-02-23,1126.7900390625,1500.0
2018-02-26,1143.75,1521.949951171875
2018-02-27,1118.2900390625,1511.97998046875
2018-02-28,1104.72998046875,1512.449951171875
2018-03-01,1069.52001953125,1493.449951171875
2018-03-02,1078.9200439453125,1500.25
2018-03-05,1090.9300537109375,1523.6099853515625
2018-03-06,1095.06005859375,1537.6400146484375
2018-03-07,1109.6400146484375,1545.0
2018-03-08,1126.0,1551.8599853515625
2018-03-09,1160.0400390625,1578.8900146484375
2018-03-12,1164.5,1598.3900146484375
2018-03-13,1138.1700439453125,1588.1800537109375
2018-03-14,1149.489990234375,1591.0
2018-03-15,1149.5799560546875,1582.3199462890625
2018-03-16,1135.72998046875,1571.6800537109375
2018-03-19,1099.8199462890625,1544.9300537109375
2018-03-20,1097.7099609375,1586.510009765625
2018-03-21,1090.8800048828125,1581.8599853515625
2018-03-22,1049.0799560546875,1544.9200439453125
2018-03-23,1021.5700073242188,1495.56005859375
2018-03-26,1053.2099609375,1555.8599853515625
2018-03-27,1005.0999755859375,1497.050048828125
2018-03-28,1004.5599975585938,1431.4200439453125
2018-03-29,1031.7900390625,1447.3399658203125
2018-04-02,1006.469970703125,1371.989990234375
2018-04-03,1013.4099731445312,1392.050048828125
2018-04-04,1025.1400146484375,1410.5699462890625
2018-04-05,1027.81005859375,1451.75
2018-04-06,1007.0399780273438,1405.22998046875
2018-04-09,1015.4500122070312,1406.0799560546875
2018-04-10,1031.6400146484375,1436.219970703125
2018-04-11,1019.969970703125,1427.050048828125
2018-04-12,1032.510009765625,1448.5
2018-04-13,1029.27001953125,1430.7900390625
2018-04-16,1037.97998046875,1441.5
2018-04-17,1074.1600341796875,1503.8299560546875
2018-04-18,1072.0799560546875,1527.8399658203125
2018-04-19,1087.699951171875,1556.9100341796875
2018-04-20,1072.9599609375,1527.489990234375
2018-04-23,1067.449951171875,1517.8599853515625
2018-04-24,1019.97998046875,1460.0899658203125
2018-04-25,1021.1799926757812,1460.1700439453125
2018-04-26,1040.0400390625,1517.9599609375
2018-04-27,1030.050048828125,1572.6199951171875
2018-04-30,1017.3300170898438,1566.1300048828125
2018-05-01,1037.31005859375,1582.260009765625
2018-05-02,1024.3800048828125,1569.6800537109375
2018-05-03,1023.719970703125,1572.0799560546875
2018-05-04,1048.2099609375,1580.949951171875
2018-05-07,1054.7900390625,1600.1400146484375
2018-05-08,1053.9100341796875,1592.3900146484375
2018-05-09,1082.760009765625,1608.0
2018-05-10,1097.5699462890625,1609.0799560546875
2018-05-11,1098.260009765625,1602.9100341796875
2018-05-14,1100.199951171875,1601.5400390625
2018-05-15,1079.22998046875,1576.1199951171875
2018-05-16,1081.77001953125,1587.280029296875
2018-05-17,1078.5899658203125,1581.760009765625
2018-05-18,1066.3599853515625,1574.3699951171875
2018-05-21,1079.5799560546875,1585.4599609375
2018-05-22,1069.72998046875,1581.4000244140625
2018-05-23,1079.68994140625,1601.8599853515625
2018-05-24,1079.239990234375,1603.0699462890625
2018-05-25,1075.6600341796875,1610.1500244140625
2018-05-29,1060.3199462890625,1612.8699951171875
2018-05-30,1067.800048828125,1624.8900146484375
2018-05-31,1084.989990234375,1629.6199951171875
2018-06-01,1119.5,1641.5400390625
2018-06-04,1139.2900390625,1665.27001953125
2018-06-05,1139.6600341796875,1696.3499755859375
2018-06-06,1136.8800048828125,1695.75
2018-06-07,1123.8599853515625,1689.300048828125
2018-06-08,1120.8699951171875,1683.989990234375
2018-06-11,1129.989990234375,1689.1199951171875
2018-06-12,1139.3199462890625,1698.75
2018-06-13,1134.7900390625,1704.8599853515625
2018-06-14,1152.1199951171875,1723.8599853515625
2018-06-15,1152.260009765625,1715.969970703125
2018-06-18,1173.4599609375,1723.7900390625
2018-06-19,1168.06005859375,1734.780029296875
2018-06-20,1169.8399658203125,1750.0799560546875
2018-06-21,1157.6600341796875,1730.219970703125
2018-06-22,1155.47998046875,1715.6700439453125
2018-06-25,1124.81005859375,1663.1500244140625
2018-06-26,1118.4599609375,1691.0899658203125
2018-06-27,1103.97998046875,1660.510009765625
2018-06-28,1114.219970703125,1701.449951171875
2018-06-29,1115.6500244140625,1699.800048828125
2018-07-02,1127.4599609375,1713.780029296875
2018-07-03,1102.8900146484375,1693.9599609375
2018-07-05,1124.27001953125,1699.72998046875
2018-07-06,1140.1700439453125,1710.6300048828125
2018-07-09,1154.050048828125,1739.02001953125
2018-07-10,1152.8399658203125,1743.0699462890625
2018-07-11,1153.9000244140625,1755.0
2018-07-12,1183.47998046875,1796.6199951171875
2018-07-13,1188.8199462890625,1813.030029296875
2018-07-16,1183.8599853515625,1822.489990234375
2018-07-17,1198.800048828125,1843.9300537109375
2018-07-18,1195.8800048828125,1842.9200439453125
2018-07-19,1186.9599609375,1812.969970703125
2018-07-20,1184.9100341796875,1813.699951171875
2018-07-23,1205.5,1802.0
2018-07-24,1248.0799560546875,1829.239990234375
2018-07-25,1263.699951171875,1863.6099853515625
2018-07-26,1268.3299560546875,1808.0
2018-07-27,1238.5,1817.27001953125
2018-07-30,1219.739990234375,1779.219970703125
2018-07-31,1217.260009765625,1777.43994140625
2018-08-01,1220.010009765625,1797.1700439453125
2018-08-02,1226.1500244140625,1834.3299560546875
2018-08-03,1223.7099609375,1823.2900390625
2018-08-06,1224.77001953125,1847.75
2018-08-07,1242.219970703125,1862.47998046875
2018-08-08,1245.6099853515625,1886.52001953125
2018-08-09,1249.0999755859375,1898.52001953125
2018-08-10,1237.6099853515625,1886.300048828125
2018-08-13,1235.010009765625,1896.199951171875
2018-08-14,1242.0999755859375,1919.6500244140625
2018-08-15,1214.3800048828125,1882.6199951171875
2018-08-16,1206.489990234375,1886.52001953125
2018-08-17,1200.9599609375,1882.219970703125
2018-08-20,1207.77001953125,1876.7099609375
2018-08-21,1201.6199951171875,1883.4200439453125
2018-08-22,1207.3299560546875,1904.9000244140625
2018-08-23,1205.3800048828125,1902.9000244140625
2018-08-24,1220.6500244140625,1905.3900146484375
2018-08-27,1241.8199462890625,1927.6800537109375
2018-08-28,1231.1500244140625,1932.8199462890625
2018-08-29,1249.300048828125,1998.0999755859375
2018-08-30,1239.1199951171875,2002.3800048828125
2018-08-31,1218.18994140625,2012.7099609375
2018-09-04,1197.0,2039.510009765625
2018-09-05,1186.47998046875,1994.8199462890625
2018-09-06,1171.43994140625,1958.31005859375
2018-09-07,1164.8299560546875,1952.0699462890625
2018-09-10,1164.6400146484375,1939.010009765625
2018-09-11,1177.3599853515625,1987.1500244140625
2018-09-12,1162.8199462890625,1990.0
2018-09-13,1175.3299560546875,1989.8699951171875
2018-09-14,1172.530029296875,1970.18994140625
2018-09-17,1156.050048828125,1908.030029296875
2018-09-18,1161.219970703125,1941.050048828125
2018-09-19,1171.0899658203125,1926.4200439453125
2018-09-20,1186.8699951171875,1944.300048828125
2018-09-21,1166.0899658203125,1915.010009765625
2018-09-24,1173.3699951171875,1934.3599853515625
2018-09-25,1184.6500244140625,1974.550048828125
2018-09-26,1180.489990234375,1974.8499755859375
2018-09-27,1194.6400146484375,2012.97998046875
2018-09-28,1193.469970703125,2003.0
2018-10-01,1195.31005859375,2004.3599853515625
2018-10-02,1200.1099853515625,1971.31005859375
2018-10-03,1202.949951171875,1952.760009765625
2018-10-04,1168.18994140625,1909.4200439453125
2018-10-05,1157.3499755859375,1889.6500244140625
2018-10-08,1148.969970703125,1864.4200439453125
2018-10-09,1138.8199462890625,1870.3199462890625
2018-10-10,1081.219970703125,1755.25
2018-10-11,1079.3199462890625,1719.3599853515625
2018-10-12,1110.0799560546875,1788.6099853515625
2018-10-15,1092.25,1760.949951171875
2018-10-16,1121.280029296875,1819.9599609375
2018-10-17,1115.68994140625,1831.72998046875
2018-10-18,1087.969970703125,1770.719970703125
2018-10-19,1096.4599609375,1764.030029296875
2018-10-22,1101.1600341796875,1789.300048828125
2018-10-23,1103.68994140625,1768.699951171875
2018-10-24,1050.7099609375,1664.199951171875
2018-10-25,1095.5699462890625,1782.1700439453125
2018-10-26,1071.469970703125,1642.81005859375
2018-10-29,1020.0800170898438,1538.8800048828125
2018-10-30,1036.2099609375,1530.4200439453125
2018-10-31,1076.77001953125,1598.010009765625
2018-11-01,1070.0,1665.530029296875
2018-11-02,1057.7900390625,1665.530029296875
2018-11-05,1040.0899658203125,1627.800048828125
2018-11-06,1055.81005859375,1642.81005859375
2018-11-07,1093.3900146484375,1755.489990234375
2018-11-08,1082.4000244140625,1754.9100341796875
2018-11-09,1066.1500244140625,1712.4300537109375
2018-11-12,1038.6300048828125,1636.8499755859375
2018-11-13,1036.050048828125,1631.1700439453125
2018-11-14,1043.6600341796875,1599.010009765625
2018-11-15,1064.7099609375,1619.43994140625
2018-11-16,1061.489990234375,1593.4100341796875
2018-11-19,1020.0,1512.2900390625
2018-11-20,1025.760009765625,1495.4599609375
2018-11-21,1037.6099853515625,1516.72998046875
2018-11-23,1023.8800048828125,1502.06005859375
2018-11-26,1048.6199951171875,1581.3299560546875
2018-11-27,1044.4100341796875,1581.4200439453125
2018-11-28,1086.22998046875,1677.75
2018-11-29,1088.300048828125,1673.5699462890625
2018-11-30,1094.4300537109375,1690.1700439453125
2018-12-03,1106.4300537109375,1772.3599853515625
2018-12-04,1050.8199462890625,1668.4000244140625
2018-12-06,1068.72998046875,1699.18994140625
2018-12-07,1036.5799560546875,1629.1300048828125
2018-12-10,1039.550048828125,1641.030029296875
2018-12-11,1051.75,1643.239990234375
2018-12-12,1063.6800537109375,1663.5400390625
2018-12-13,1061.9000244140625,1658.3800048828125
2018-12-14,1042.0999755859375,1591.9100341796875
2018-12-17,1016.530029296875,1520.9100341796875
2018-12-18,1028.7099609375,1551.47998046875
2018-12-19,1023.010009765625,1495.0799560546875
2018-12-20,1009.4099731445312,1460.8299560546875
2018-12-21,979.5399780273438,1377.449951171875
2018-12-24,976.219970703125,1343.9599609375
2018-12-26,1039.4599609375,1470.9000244140625
2018-12-27,1043.8800048828125,1461.6400146484375
2018-12-28,1037.0799560546875,1478.02001953125
2018-12-31,1035.6099853515625,1501.969970703125
2019-01-02,1045.8499755859375,1539.1300048828125
2019-01-03,1016.0599975585938,1500.280029296875
2019-01-04,1070.7099609375,1575.3900146484375
2019-01-07,1068.3900146484375,1629.510009765625
2019-01-08,1076.280029296875,1656.5799560546875
2019-01-09,1074.6600341796875,1659.4200439453125
2019-01-10,1070.3299560546875,1656.219970703125
2019-01-11,1057.18994140625,1640.56005859375
2019-01-14,1044.68994140625,1617.2099609375
2019-01-15,1077.1500244140625,1674.56005859375
2019-01-16,1080.969970703125,1683.780029296875
2019-01-17,1089.9000244140625,1693.219970703125
2019-01-18,1098.260009765625,1696.199951171875
2019-01-22,1070.52001953125,1632.1700439453125
2019-01-23,1075.5699462890625,1640.02001953125
2019-01-24,1073.9000244140625,1654.9300537109375
2019-01-25,1090.989990234375,1670.5699462890625
2019-01-28,1070.0799560546875,1637.8900146484375
2019-01-29,1060.6199951171875,1593.8800048828125
2019-01-30,1089.06005859375,1670.4300537109375
2019-01-31,1116.3699951171875,1718.72998046875
2019-02-01,1110.75,1626.22998046875
2019-02-04,1132.800048828125,1633.31005859375
2019-02-05,1145.989990234375,1658.81005859375
2019-02-06,1115.22998046875,1640.260009765625
2019-02-07,1098.7099609375,1614.3699951171875
2019-02-08,1095.06005859375,1588.219970703125
2019-02-11,1095.010009765625,1591.0
2019-02-12,1121.3699951171875,1638.010009765625
2019-02-13,1120.1600341796875,1640.0
2019-02-14,1121.6700439453125,1622.6500244140625
2019-02-15,1113.6500244140625,1607.949951171875
2019-02-19,1118.56005859375,1627.5799560546875
2019-02-20,1113.800048828125,1622.0999755859375
2019-02-21,1096.969970703125,1619.43994140625
2019-02-22,1110.3699951171875,1631.56005859375
2019-02-25,1109.4000244140625,1633.0
2019-02-26,1115.1300048828125,1636.4000244140625
2019-02-27,1116.050048828125,1641.0899658203125
2019-02-28,1119.9200439453125,1639.8299560546875
2019-03-01,1140.989990234375,1671.72998046875
2019-03-04,1147.800048828125,1696.1700439453125
2019-03-05,1162.030029296875,1692.4300537109375
2019-03-06,1157.8599853515625,1668.949951171875
2019-03-07,1143.300048828125,1625.949951171875
2019-03-08,1142.3199462890625,1620.800048828125
2019-03-11,1175.760009765625,1670.6199951171875
2019-03-12,1193.199951171875,1673.0999755859375
2019-03-13,1193.3199462890625,1690.81005859375
2019-03-14,1185.550048828125,1686.219970703125
2019-03-15,1184.4599609375,1712.3599853515625
2019-03-18,1184.260009765625,1742.1500244140625
2019-03-19,1198.8499755859375,1761.8499755859375
2019-03-20,1223.969970703125,1797.27001953125
2019-03-21,1231.5400390625,1819.260009765625
2019-03-22,1205.5,1764.77001953125
2019-03-25,1193.0,1774.260009765625
2019-03-26,1184.6199951171875,1783.760009765625
2019-03-27,1173.02001953125,1765.699951171875
2019-03-28,1168.489990234375,1773.4200439453125
2019-03-29,1173.31005859375,1780.75
2019-04-01,1194.4300537109375,1814.18994140625
2019-04-02,1200.489990234375,1813.97998046875
2019-04-03,1205.9200439453125,1820.699951171875
2019-04-04,1215.0,1818.8599853515625
2019-04-05,1207.1500244140625,1837.280029296875
2019-04-08,1203.8399658203125,1849.8599853515625
2019-04-09,1197.25,1835.8399658203125
2019-04-10,1202.1600341796875,1847.3299560546875
2019-04-11,1204.6199951171875,1844.0699462890625
2019-04-12,1217.8699951171875,1843.06005859375
2019-04-15,1221.0999755859375,1844.8699951171875
2019-04-16,1227.1300048828125,1863.0400390625
2019-04-17,1236.3399658203125,1864.8199462890625
2019-04-18,1236.3699951171875,1861.68994140625
2019-04-22,1248.8399658203125,1887.31005859375
2019-04-23,1264.550048828125,1923.77001953125
2019-04-24,1256.0,1901.75
2019-04-25,1263.449951171875,1902.25
2019-04-26,1272.1800537109375,1950.6300048828125
2019-04-29,1287.5799560546875,1938.4300537109375
2019-04-30,1188.47998046875,1926.52001953125
2019-05-01,1168.0799560546875,1911.52001953125
2019-05-02,1162.6099853515625,1900.8199462890625
2019-05-03,1185.4000244140625,1962.4599609375
2019-05-06,1189.3900146484375,1950.550048828125
2019-05-07,1174.0999755859375,1921.0
2019-05-08,1166.27001953125,1917.77001953125
2019-05-09,1162.3800048828125,1899.8699951171875
2019-05-10,1164.27001953125,1889.97998046875
2019-05-13,1132.030029296875,1822.6800537109375
2019-05-14,1120.43994140625,1840.1199951171875
2019-05-15,1164.2099609375,1871.1500244140625
2019-05-16,1178.97998046875,1907.5699462890625
2019-05-17,1162.300048828125,1869.0
2019-05-20,1138.8499755859375,1858.969970703125
2019-05-21,1149.6300048828125,1857.52001953125
2019-05-22,1151.4200439453125,1859.6800537109375
2019-05-23,1140.77001953125,1815.47998046875
2019-05-24,1133.469970703125,1823.280029296875
2019-05-28,1134.1500244140625,1836.4300537109375
2019-05-29,1116.4599609375,1819.18994140625
2019-05-30,1117.949951171875,1816.3199462890625
2019-05-31,1103.6300048828125,1775.0699462890625
2019-06-03,1036.22998046875,1692.68994140625
2019-06-04,1053.050048828125,1729.56005859375
2019-06-05,1042.219970703125,1738.5
2019-06-06,1044.3399658203125,1754.3599853515625
2019-06-07,1066.0400390625,1804.030029296875
2019-06-10,1080.3800048828125,1860.6300048828125
2019-06-11,1078.719970703125,1863.699951171875
2019-06-12,1077.030029296875,1855.3199462890625
2019-06-13,1088.77001953125,1870.300048828125
2019-06-14,1085.3499755859375,1869.6700439453125
2019-06-17,1092.5,1886.030029296875
2019-06-18,1103.5999755859375,1901.3699951171875
2019-06-19,1102.3299560546875,1908.7900390625
2019-06-20,1111.4200439453125,1918.18994140625
2019-06-21,1121.8800048828125,1911.300048828125
2019-06-24,1115.52001953125,1913.9000244140625
2019-06-25,1086.3499755859375,1878.27001953125
2019-06-26,1079.800048828125,1897.8299560546875
2019-06-27,1076.010009765625,1904.280029296875
2019-06-28,1080.9100341796875,1893.6300048828125
2019-07-01,1097.949951171875,1922.18994140625
2019-07-02,1111.25,1934.31005859375
2019-07-03,1121.5799560546875,1939.0
2019-07-05,1131.5899658203125,1942.9100341796875
2019-07-08,1116.3499755859375,1952.3199462890625
2019-07-09,1124.8299560546875,1988.300048828125
2019-07-10,1140.47998046875,2017.4100341796875
2019-07-11,1144.2099609375,2001.0699462890625
2019-07-12,1144.9000244140625,2011.0
2019-07-15,1150.3399658203125,2020.989990234375
2019-07-16,1153.5799560546875,2009.9000244140625
2019-07-17,1146.3499755859375,1992.030029296875
2019-07-18,1146.3299560546875,1977.9000244140625
2019-07-19,1130.0999755859375,1964.52001953125
2019-07-22,1138.0699462890625,1985.6300048828125
2019-07-23,1146.2099609375,1994.489990234375
2019-07-24,1137.81005859375,2000.81005859375
2019-07-25,1132.1199951171875,1973.8199462890625
2019-07-26,1250.4100341796875,1943.050048828125
2019-07-29,1239.4100341796875,1912.449951171875
2019-07-30,1225.1400146484375,1898.530029296875
2019-07-31,1216.6800537109375,1866.780029296875
2019-08-01,1209.010009765625,1855.3199462890625
2019-08-02,1193.989990234375,1823.239990234375
2019-08-05,1152.3199462890625,1765.1300048828125
2019-08-06,1169.949951171875,1787.8299560546875
2019-08-07,1173.989990234375,1793.4000244140625
2019-08-08,1204.800048828125,1832.8900146484375
2019-08-09,1188.010009765625,1807.5799560546875
2019-08-12,1174.7099609375,1784.9200439453125
2019-08-13,1197.27001953125,1824.3399658203125
2019-08-14,1164.2900390625,1762.9599609375
2019-08-15,1167.260009765625,1776.1199951171875
2019-08-16,1177.5999755859375,1792.5699462890625
2019-08-19,1198.449951171875,1816.1199951171875
2019-08-20,1182.68994140625,1801.3800048828125
2019-08-21,1191.25,1823.5400390625
2019-08-22,1189.530029296875,1804.6600341796875
2019-08-23,1151.2900390625,1749.6199951171875
2019-08-26,1168.8900146484375,1768.8699951171875
2019-08-27,1167.8399658203125,1761.8299560546875
2019-08-28,1171.02001953125,1764.25
2019-08-29,1192.8499755859375,1786.4000244140625
2019-08-30,1188.0999755859375,1776.2900390625
2019-09-03,1168.3900146484375,1789.8399658203125
2019-09-04,1181.4100341796875,1800.6199951171875
2019-09-05,1211.3800048828125,1840.719970703125
2019-09-06,1204.9300537109375,1833.510009765625
2019-09-09,1204.4100341796875,1831.3499755859375
2019-09-10,1206.0,1820.550048828125
2019-09-11,1220.1700439453125,1822.989990234375
2019-09-12,1234.25,1843.550048828125
2019-09-13,1239.56005859375,1839.3399658203125
2019-09-16,1231.300048828125,1807.8399658203125
2019-09-17,1229.1500244140625,1822.550048828125
2019-09-18,1232.4100341796875,1817.4599609375
2019-09-19,1238.7099609375,1821.5
2019-09-20,1229.9300537109375,1794.1600341796875
2019-09-23,1234.030029296875,1785.300048828125
2019-09-24,1218.760009765625,1741.6099853515625
2019-09-25,1246.52001953125,1768.3299560546875
2019-09-26,1241.3900146484375,1739.8399658203125
2019-09-27,1225.0899658203125,1725.449951171875
2019-09-30,1219.0,1735.9100341796875
2019-10-01,1205.0999755859375,1735.6500244140625
2019-10-02,1176.6300048828125,1713.22998046875
2019-10-03,1187.8299560546875,1724.4200439453125
2019-10-04,1209.0,1739.6500244140625
2019-10-07,1207.6800537109375,1732.6600341796875
2019-10-08,1189.1300048828125,1705.510009765625
2019-10-09,1202.31005859375,1721.989990234375
2019-10-10,1208.6700439453125,1720.260009765625
2019-10-11,1215.449951171875,1731.9200439453125
2019-10-14,1217.1400146484375,1736.4300537109375
2019-10-15,1243.010009765625,1767.3800048828125
2019-10-16,1243.6400146484375,1777.4300537109375
2019-10-17,1253.0699462890625,1787.47998046875
2019-10-18,1245.489990234375,1757.510009765625
2019-10-21,1246.1500244140625,1785.6600341796875
2019-10-22,1242.800048828125,1765.72998046875
2019-10-23,1259.1300048828125,1762.1700439453125
2019-10-24,1260.989990234375,1780.780029296875
2019-10-25,1265.1300048828125,1761.3299560546875
2019-10-28,1290.0,1777.0799560546875
2019-10-29,1262.6199951171875,1762.7099609375
2019-10-30,1261.2900390625,1779.989990234375
2019-10-31,1260.1099853515625,1776.6600341796875
2019-11-01,1273.739990234375,1791.43994140625
2019-11-04,1291.3699951171875,1804.6600341796875
2019-11-05,1292.030029296875,1801.7099609375
2019-11-06,1291.800048828125,1795.77001953125
2019-11-07,1308.8599853515625,1788.199951171875
2019-11-08,1311.3699951171875,1785.8800048828125
2019-11-11,1299.18994140625,1771.6500244140625
2019-11-12,1298.800048828125,1778.0
2019-11-13,1298.0,1753.1099853515625
2019-11-14,1311.4599609375,1754.5999755859375
2019-11-15,1334.8699951171875,1739.489990234375
2019-11-18,1320.699951171875,1752.530029296875
2019-11-19,1315.4599609375,1752.7900390625
2019-11-20,1303.050048828125,1745.530029296875
2019-11-21,1301.3499755859375,1734.7099609375
2019-11-22,1295.3399658203125,1745.719970703125
2019-11-25,1306.68994140625,1773.8399658203125
2019-11-26,1313.550048828125,1796.93994140625
2019-11-27,1312.989990234375,1818.510009765625
2019-11-29,1304.9599609375,1800.800048828125
2019-12-02,1289.9200439453125,1781.5999755859375
2019-12-03,1295.280029296875,1769.9599609375
2019-12-04,1320.5400390625,1760.68994140625
2019-12-05,1328.1300048828125,1740.47998046875
2019-12-06,1340.6199951171875,1751.5999755859375
2019-12-09,1343.56005859375,1749.510009765625
2019-12-10,1344.6600341796875,1739.2099609375
2019-12-11,1345.02001953125,1748.719970703125
2019-12-12,1350.27001953125,1760.3299560546875
2019-12-13,1347.8299560546875,1760.93994140625
2019-12-16,1361.1700439453125,1769.2099609375
2019-12-17,1355.1199951171875,1790.6600341796875
2019-12-18,1352.6199951171875,1784.030029296875
2019-12-19,1356.0400390625,1792.280029296875
2019-12-20,1349.5899658203125,1786.5
2019-12-23,1348.8399658203125,1793.0
2019-12-24,1343.56005859375,1789.2099609375
2019-12-26,1360.4000244140625,1868.77001953125
2019-12-27,1351.8900146484375,1869.800048828125
2019-12-30,1336.1400146484375,1846.8900146484375
2019-12-31,1337.02001953125,1847.8399658203125
2020-01-02,1367.3699951171875,1898.010009765625
2020-01-03,1360.6600341796875,1874.969970703125
2020-01-06,1394.2099609375,1902.8800048828125
2020-01-07,1393.3399658203125,1906.8599853515625
2020-01-08,1404.3199462890625,1891.969970703125
2020-01-09,1419.8299560546875,1901.050048828125
2020-01-10,1429.72998046875,1883.1600341796875
2020-01-13,1439.22998046875,1891.300048828125
2020-01-14,1430.8800048828125,1869.43994140625
2020-01-15,1439.199951171875,1862.02001953125
2020-01-16,1451.699951171875,1877.93994140625
2020-01-17,1480.3900146484375,1864.719970703125
2020-01-21,1484.4000244140625,1892.0
2020-01-22,1485.949951171875,1887.4599609375
2020-01-23,1486.6500244140625,1884.5799560546875
2020-01-24,1466.7099609375,1861.6400146484375
2020-01-27,1433.9000244140625,1828.3399658203125
2020-01-28,1452.56005859375,1853.25
2020-01-29,1458.6300048828125,1858.0
2020-01-30,1455.8399658203125,1870.6800537109375
2020-01-31,1434.22998046875,2008.719970703125
2020-02-03,1485.93994140625,2004.199951171875
2020-02-04,1447.0699462890625,2049.669921875
2020-02-05,1448.22998046875,2039.8699951171875
2020-02-06,1476.22998046875,2050.22998046875
2020-02-07,1479.22998046875,2079.280029296875
2020-02-10,1508.6800537109375,2133.909912109375
2020-02-11,1508.7900390625,2150.800048828125
2020-02-12,1518.27001953125,2160.0
2020-02-13,1514.6600341796875,2149.8701171875
2020-02-14,1520.739990234375,2134.8701171875
2020-02-18,1519.6700439453125,2155.669921875
2020-02-19,1526.68994140625,2170.219970703125
2020-02-20,1518.1500244140625,2153.10009765625
2020-02-21,1485.1099853515625,2095.969970703125
2020-02-24,1421.5899658203125,2009.2900390625
2020-02-25,1388.449951171875,1972.739990234375
2020-02-26,1393.1800537109375,1979.5899658203125
2020-02-27,1318.0899658203125,1884.300048828125
2020-02-28,1339.3299560546875,1883.75
2020-03-02,1389.1099853515625,1953.949951171875
2020-03-03,1341.3900146484375,1908.989990234375
2020-03-04,1386.52001953125,1975.8299560546875
2020-03-05,1319.0400390625,1924.030029296875
2020-03-06,1298.4100341796875,1901.0899658203125
2020-03-09,1215.56005859375,1800.6099853515625
2020-03-10,1280.3900146484375,1891.8199462890625
2020-03-11,1215.4100341796875,1820.8599853515625
2020-03-12,1114.9100341796875,1676.6099853515625
2020-03-13,1219.72998046875,1785.0
2020-03-16,1084.3299560546875,1689.1500244140625
2020-03-17,1119.800048828125,1807.8399658203125
2020-03-18,1096.800048828125,1830.0
2020-03-19,1115.2900390625,1880.9300537109375
2020-03-20,1072.3199462890625,1846.0899658203125
2020-03-23,1056.6199951171875,1902.8299560546875
2020-03-24,1134.4599609375,1940.0999755859375
2020-03-25,1102.489990234375,1885.8399658203125
2020-03-26,1161.75,1955.489990234375
2020-03-27,1110.7099609375,1900.0999755859375
2020-03-30,1146.8199462890625,1963.949951171875
2020-03-31,1162.81005859375,1949.719970703125
2020-04-01,1105.6199951171875,1907.699951171875
2020-04-02,1120.8399658203125,1918.8299560546875
2020-04-03,1097.8800048828125,1906.5899658203125
2020-04-06,1186.9200439453125,1997.5899658203125
2020-04-07,1186.510009765625,2011.5999755859375
2020-04-08,1210.280029296875,2043.0
2020-04-09,1211.449951171875,2042.760009765625
2020-04-13,1217.56005859375,2168.8701171875
2020-04-14,1269.22998046875,2283.320068359375
2020-04-15,1262.469970703125,2307.679931640625
2020-04-16,1263.469970703125,2408.18994140625
2020-04-17,1283.25,2375.0
2020-04-20,1266.6099853515625,2393.610107421875
2020-04-21,1216.3399658203125,2328.1201171875
2020-04-22,1263.2099609375,2363.489990234375
2020-04-23,1276.31005859375,2399.449951171875
2020-04-24,1279.31005859375,2410.219970703125
2020-04-27,1275.8800048828125,2376.0
2020-04-28,1233.6700439453125,2314.080078125
2020-04-29,1341.47998046875,2372.7099609375
2020-04-30,1348.6600341796875,2474.0
2020-05-01,1320.6099853515625,2286.0400390625
2020-05-04,1326.800048828125,2315.989990234375
2020-05-05,1351.1099853515625,2317.800048828125
2020-05-06,1347.300048828125,2351.260009765625
2020-05-07,1372.56005859375,2367.610107421875
2020-05-08,1388.3699951171875,2379.610107421875
2020-05-11,1403.260009765625,2409.0
2020-05-12,1375.739990234375,2356.949951171875
2020-05-13,1349.3299560546875,2367.919921875
2020-05-14,1356.1300048828125,2388.85009765625
2020-05-15,1373.18994140625,2409.780029296875
2020-05-18,1383.93994140625,2426.260009765625
2020-05-19,1373.4849853515625,2449.330078125
2020-05-20,1406.719970703125,2497.93994140625
2020-05-21,1402.800048828125,2446.739990234375
2020-05-22,1410.4200439453125,2436.8798828125
2020-05-26,1417.02001953125,2421.860107421875
2020-05-27,1417.8399658203125,2410.389892578125
2020-05-28,1416.72998046875,2401.10009765625
2020-05-29,1428.9200439453125,2442.3701171875
2020-06-01,1431.8199462890625,2471.0400390625
2020-06-02,1439.219970703125,2472.409912109375
2020-06-03,1436.3800048828125,2478.39990234375
2020-06-04,1412.1800537109375,2460.60009765625
2020-06-05,1438.3900146484375,2483.0
2020-06-08,1446.6099853515625,2524.06005859375
2020-06-09,1456.1600341796875,2600.860107421875
2020-06-10,1465.8499755859375,2647.449951171875
2020-06-11,1403.8399658203125,2557.9599609375
2020-06-12,1413.1800537109375,2545.02001953125
2020-06-15,1419.8499755859375,2572.679931640625
2020-06-16,1442.719970703125,2615.27001953125
2020-06-17,1451.1199951171875,2640.97998046875
2020-06-18,1435.9599609375,2653.97998046875
2020-06-19,1431.719970703125,2675.010009765625
2020-06-22,1451.8599853515625,2713.820068359375
2020-06-23,1464.4100341796875,2764.409912109375
2020-06-24,1431.969970703125,2734.39990234375
2020-06-25,1441.3299560546875,2754.580078125
2020-06-26,1359.9000244140625,2692.8701171875
2020-06-29,1394.969970703125,2680.3798828125
2020-06-30,1413.6099853515625,2758.820068359375
2020-07-01,1438.0400390625,2878.699951171875
2020-07-02,1464.699951171875,2890.300048828125
2020-07-06,1495.699951171875,3057.0400390625
2020-07-07,1485.1800537109375,3000.1201171875
2020-07-08,1496.0,3081.110107421875
2020-07-09,1510.989990234375,3182.6298828125
2020-07-10,1541.739990234375,3200.0
2020-07-13,1511.3399658203125,3104.0
2020-07-14,1520.5799560546875,3084.0
2020-07-15,1513.6400146484375,3008.8701171875
2020-07-16,1518.0,2999.89990234375
2020-07-17,1515.550048828125,2961.969970703125
2020-07-20,1565.719970703125,3196.840087890625
2020-07-21,1558.4200439453125,3138.2900390625
2020-07-22,1568.489990234375,3099.909912109375
2020-07-23,1515.6800537109375,2986.550048828125
2020-07-24,1511.8699951171875,3008.909912109375
2020-07-27,1530.199951171875,3055.2099609375
2020-07-28,1500.3399658203125,3000.330078125
2020-07-29,1522.02001953125,3033.530029296875
2020-07-30,1531.449951171875,3051.8798828125
2020-07-31,1482.9599609375,3164.679931640625
2020-08-03,1474.449951171875,3111.889892578125
2020-08-04,1464.969970703125,3138.830078125
2020-08-05,1473.6099853515625,3205.030029296875
2020-08-06,1500.0999755859375,3225.0
2020-08-07,1494.489990234375,3167.4599609375
2020-08-10,1496.0999755859375,3148.159912109375
2020-08-11,1480.3199462890625,3080.669921875
2020-08-12,1506.6199951171875,3162.239990234375
2020-08-13,1518.449951171875,3161.02001953125
2020-08-14,1507.72998046875,3148.02001953125
2020-08-17,1517.97998046875,3182.409912109375
2020-08-18,1558.5999755859375,3312.489990234375
2020-08-19,1547.530029296875,3260.47998046875
2020-08-20,1581.75,3297.3701171875
2020-08-21,1580.4200439453125,3284.719970703125
2020-08-24,1588.199951171875,3307.4599609375
2020-08-25,1608.219970703125,3346.489990234375
2020-08-26,1652.3800048828125,3441.85009765625
2020-08-27,1634.3299560546875,3400.0
2020-08-28,1644.4100341796875,3401.800048828125
2020-08-31,1634.1800537109375,3450.9599609375
2020-09-01,1660.7099609375,3499.1201171875
2020-09-02,1728.280029296875,3531.449951171875
2020-09-03,1641.8399658203125,3368.0
2020-09-04,1591.0400390625,3294.6201171875
2020-09-08,1532.3900146484375,3149.840087890625
2020-09-09,1556.9599609375,3268.610107421875
2020-09-10,1532.02001953125,3175.110107421875
2020-09-11,1520.719970703125,3116.219970703125
2020-09-14,1519.280029296875,3102.969970703125
2020-09-15,1541.43994140625,3156.1298828125
2020-09-16,1520.9000244140625,3078.10009765625
2020-09-17,1495.530029296875,3008.72998046875
2020-09-18,1459.989990234375,2954.909912109375
2020-09-21,1431.1600341796875,2960.469970703125
2020-09-22,1465.4599609375,3128.989990234375
2020-09-23,1415.2099609375,2999.860107421875
2020-09-24,1428.2900390625,3019.7900390625
2020-09-25,1444.9599609375,3095.1298828125
2020-09-28,1464.52001953125,3174.050048828125
2020-09-29,1469.3299560546875,3144.8798828125
2020-09-30,1469.5999755859375,3148.72998046875
2020-10-01,1490.0899658203125,3221.260009765625
2020-10-02,1458.4200439453125,3125.0
2020-10-05,1486.02001953125,3199.199951171875
2020-10-06,1453.43994140625,3099.9599609375
2020-10-07,1460.2900390625,3195.68994140625
2020-10-08,1485.9300537109375,3190.550048828125
2020-10-09,1515.219970703125,3286.64990234375
2020-10-12,1569.1500244140625,3442.929931640625
2020-10-13,1571.6800537109375,3443.6298828125
2020-10-14,1568.0799560546875,3363.7099609375
2020-10-15,1559.1300048828125,3338.64990234375
2020-10-16,1573.010009765625,3272.7099609375
2020-10-19,1534.6099853515625,3207.2099609375
2020-10-20,1555.9300537109375,3217.010009765625
2020-10-21,1593.31005859375,3184.93994140625
2020-10-22,1615.3299560546875,3176.39990234375
2020-10-23,1641.0,3204.39990234375
2020-10-26,1590.449951171875,3207.0400390625
2020-10-27,1604.260009765625,3286.330078125
2020-10-28,1516.6199951171875,3162.780029296875
2020-10-29,1567.239990234375,3211.010009765625
2020-10-30,1621.010009765625,3036.14990234375
2020-11-02,1626.030029296875,3004.47998046875
2020-11-03,1650.2099609375,3048.409912109375
2020-11-04,1749.1300048828125,3241.159912109375
2020-11-05,1763.3699951171875,3322.0
2020-11-06,1761.75,3311.3701171875
2020-11-09,1763.0,3143.739990234375
2020-11-10,1740.3900146484375,3035.02001953125
2020-11-11,1752.7099609375,3137.389892578125
2020-11-12,1749.8399658203125,3110.280029296875
2020-11-13,1777.02001953125,3128.81005859375
2020-11-16,1781.3800048828125,3131.06005859375
2020-11-17,1770.1500244140625,3135.659912109375
2020-11-18,1746.780029296875,3105.4599609375
2020-11-19,1763.9200439453125,3117.02001953125
2020-11-20,1742.18994140625,3099.39990234375
2020-11-23,1734.8599853515625,3098.389892578125
2020-11-24,1768.8800048828125,3118.06005859375
2020-11-25,1771.4300537109375,3185.070068359375
2020-11-27,1793.18994140625,3195.340087890625
2020-11-30,1760.739990234375,3168.0400390625
2020-12-01,1798.0999755859375,3220.080078125
2020-12-02,1827.949951171875,3203.530029296875
2020-12-03,1826.77001953125,3186.72998046875
2020-12-04,1827.989990234375,3162.580078125
2020-12-07,1819.47998046875,3158.0
2020-12-08,1818.550048828125,3177.2900390625
2020-12-09,1784.1300048828125,3104.199951171875
2020-12-10,1775.3299560546875,3101.489990234375
2020-12-11,1781.77001953125,3116.419921875
2020-12-14,1760.06005859375,3156.969970703125
2020-12-15,1767.77001953125,3165.1201171875
2020-12-16,1763.0,3240.9599609375
2020-12-17,1747.9000244140625,3236.080078125
2020-12-18,1731.010009765625,3201.64990234375
2020-12-21,1739.3699951171875,3206.179931640625
2020-12-22,1723.5,3206.52001953125
2020-12-23,1732.3800048828125,3185.27001953125
2020-12-24,1738.8499755859375,3172.68994140625
2020-12-28,1776.0899658203125,3283.9599609375
2020-12-29,1758.719970703125,3322.0
2020-12-30,1739.52001953125,3285.85009765625
2020-12-31,1751.8800048828125,3256.929931640625
2021-01-04,1728.239990234375,3186.6298828125
2021-01-05,1740.9200439453125,3218.510009765625
2021-01-06,1735.2900390625,3138.3798828125
2021-01-07,1787.25,3162.159912109375
2021-01-08,1807.2099609375,3182.699951171875
2021-01-11,1766.719970703125,3114.2099609375
2021-01-12,1746.550048828125,3120.830078125
2021-01-13,1754.4000244140625,3165.889892578125
2021-01-14,1740.1800537109375,3127.469970703125
2021-01-15,1736.18994140625,3104.25
2021-01-19,1790.8599853515625,3120.760009765625
2021-01-20,1886.9000244140625,3263.3798828125
2021-01-21,1891.25,3306.989990234375
2021-01-22,1901.050048828125,3292.22998046875
2021-01-25,1899.4000244140625,3294.0
2021-01-26,1917.239990234375,3326.1298828125
2021-01-27,1830.7900390625,3232.580078125
2021-01-28,1863.1099853515625,3237.6201171875
2021-01-29,1835.739990234375,3206.199951171875
2021-02-01,1901.3499755859375,3342.8798828125
2021-02-02,1927.510009765625,3380.0
2021-02-03,2070.070068359375,3312.530029296875
2021-02-04,2062.3701171875,3331.0
2021-02-05,2098.0,3352.14990234375
2021-02-08,2092.909912109375,3322.93994140625
2021-02-09,2083.510009765625,3305.0
2021-02-10,2095.3798828125,3286.580078125
2021-02-11,2095.889892578125,3262.1298828125
2021-02-12,2104.110107421875,3277.7099609375
2021-02-16,2121.89990234375,3268.949951171875
2021-02-17,2128.31005859375,3308.639892578125
2021-02-18,2117.199951171875,3328.22998046875
2021-02-19,2101.139892578125,3249.89990234375
2021-02-22,2064.8798828125,3180.739990234375
2021-02-23,2070.860107421875,3194.5
2021-02-24,2095.169921875,3159.530029296875
2021-02-25,2031.3599853515625,3057.159912109375
2021-02-26,2036.8599853515625,3092.929931640625
2021-03-01,2081.510009765625,3146.139892578125
2021-03-02,2075.840087890625,3094.530029296875
2021-03-03,2026.7099609375,3005.0
2021-03-04,2049.090087890625,2977.570068359375
2021-03-05,2108.5400390625,3000.4599609375
2021-03-08,2024.1700439453125,2951.949951171875
2021-03-09,2052.699951171875,3062.85009765625
2021-03-10,2055.030029296875,3057.639892578125
2021-03-11,2114.77001953125,3113.590087890625
2021-03-12,2061.919921875,3089.489990234375
2021-03-15,2066.489990234375,3081.679931640625
2021-03-16,2092.52001953125,3091.860107421875
2021-03-17,2091.080078125,3135.72998046875
2021-03-18,2036.219970703125,3027.989990234375
2021-03-19,2043.199951171875,3074.9599609375
2021-03-22,2038.5899658203125,3110.8701171875
2021-03-23,2052.9599609375,3137.5
2021-03-24,2045.06005859375,3087.070068359375
2021-03-25,2044.3599853515625,3046.260009765625
2021-03-26,2035.550048828125,3052.030029296875
2021-03-29,2055.949951171875,3075.72998046875
2021-03-30,2055.5400390625,3055.2900390625
2021-03-31,2068.6298828125,3094.080078125
2021-04-01,2137.75,3161.0
2021-04-05,2225.550048828125,3226.72998046875
2021-04-06,2224.75,3223.820068359375
2021-04-07,2249.679931640625,3279.389892578125
2021-04-08,2265.43994140625,3299.300048828125
2021-04-09,2285.8798828125,3372.199951171875
2021-04-12,2254.7900390625,3379.389892578125
2021-04-13,2267.27001953125,3400.0
2021-04-14,2254.840087890625,3333.0
2021-04-15,2296.659912109375,3379.090087890625
2021-04-16,2297.760009765625,3399.43994140625
2021-04-19,2302.39990234375,3372.010009765625
2021-04-20,2293.6298828125,3334.68994140625
2021-04-21,2293.2900390625,3362.02001953125
2021-04-22,2267.919921875,3309.0400390625
2021-04-23,2315.300048828125,3340.8798828125
2021-04-26,2326.739990234375,3409.0
2021-04-27,2307.1201171875,3417.429931640625
2021-04-28,2379.909912109375,3458.5
2021-04-29,2429.889892578125,3471.31005859375
2021-04-30,2410.1201171875,3467.419921875
2021-05-03,2395.169921875,3386.489990234375
2021-05-04,2354.25,3311.8701171875
2021-05-05,2356.739990234375,3270.5400390625
2021-05-06,2381.35009765625,3306.3701171875
2021-05-07,2398.68994140625,3291.610107421875
2021-05-10,2341.659912109375,3190.489990234375
2021-05-11,2308.760009765625,3223.909912109375
2021-05-12,2239.080078125,3151.93994140625
2021-05-13,2261.969970703125,3161.469970703125
2021-05-14,2316.159912109375,3222.89990234375
2021-05-17,2321.409912109375,3270.389892578125
2021-05-18,2303.429931640625,3232.280029296875
2021-05-19,2308.7099609375,3231.800048828125
2021-05-20,2356.090087890625,3247.679931640625
2021-05-21,2345.10009765625,3203.080078125
2021-05-24,2406.669921875,3244.989990234375
2021-05-25,2409.070068359375,3259.050048828125
2021-05-26,2433.530029296875,3265.159912109375
2021-05-27,2402.510009765625,3230.110107421875
2021-05-28,2411.56005859375,3223.070068359375
2021-06-01,2429.81005859375,3218.64990234375
2021-06-02,2421.280029296875,3233.989990234375
2021-06-03,2404.610107421875,3187.010009765625
2021-06-04,2451.760009765625,3206.219970703125
2021-06-07,2466.090087890625,3198.010009765625
2021-06-08,2482.85009765625,3264.110107421875
2021-06-09,2491.39990234375,3281.14990234375
2021-06-10,2521.60009765625,3349.64990234375
2021-06-11,2513.929931640625,3346.830078125
2021-06-14,2527.0400390625,3383.8701171875
2021-06-15,2520.659912109375,3383.1298828125
2021-06-16,2513.929931640625,3415.25
2021-06-17,2527.419921875,3489.239990234375
2021-06-18,2511.35009765625,3486.89990234375
2021-06-21,2529.10009765625,3453.9599609375
2021-06-22,2539.989990234375,3505.43994140625
2021-06-23,2529.22998046875,3503.820068359375
2021-06-24,2545.639892578125,3449.080078125
2021-06-25,2539.89990234375,3401.4599609375
2021-06-28,2536.389892578125,3443.889892578125
2021-06-29,2520.3701171875,3448.139892578125
2021-06-30,2506.320068359375,3440.159912109375
2021-07-01,2527.3701171875,3432.969970703125
2021-07-02,2574.3798828125,3510.97998046875
2021-07-06,2595.419921875,3675.739990234375
2021-07-07,2601.550048828125,3696.580078125
2021-07-08,2583.5400390625,3731.409912109375
2021-07-09,2591.489990234375,3719.340087890625
2021-07-12,2611.280029296875,3718.550048828125
2021-07-13,2619.889892578125,3677.360107421875
2021-07-14,2641.64990234375,3681.679931640625
2021-07-15,2625.330078125,3631.199951171875
2021-07-16,2636.909912109375,3573.6298828125
2021-07-19,2585.080078125,3549.590087890625
2021-07-20,2622.030029296875,3573.18994140625
2021-07-21,2652.010009765625,3585.199951171875
2021-07-22,2666.570068359375,3638.030029296875
2021-07-23,2756.320068359375,3656.639892578125
2021-07-26,2792.889892578125,3699.820068359375
2021-07-27,2735.929931640625,3626.389892578125
2021-07-28,2727.6298828125,3630.320068359375
2021-07-29,2730.81005859375,3599.919921875
2021-07-30,2704.419921875,3327.590087890625
2021-08-02,2719.7900390625,3331.47998046875
2021-08-03,2725.60009765625,3366.239990234375
2021-08-04,2720.570068359375,3354.719970703125
2021-08-05,2738.800048828125,3375.989990234375
2021-08-06,2740.719970703125,3344.93994140625
2021-08-09,2760.0400390625,3341.8701171875
2021-08-10,2761.929931640625,3320.679931640625
2021-08-11,2753.7900390625,3292.110107421875
2021-08-12,2767.7900390625,3303.5
2021-08-13,2768.1201171875,3293.969970703125
2021-08-16,2778.320068359375,3298.989990234375
2021-08-17,2746.010009765625,3241.9599609375
2021-08-18,2731.39990234375,3201.219970703125
2021-08-19,2738.27001953125,3187.75
2021-08-20,2768.739990234375,3199.949951171875
2021-08-23,2821.989990234375,3265.8701171875
2021-08-24,2847.969970703125,3305.780029296875
2021-08-25,2859.0,3299.179931640625
2021-08-26,2842.4599609375,3316.0
2021-08-27,2891.010009765625,3349.6298828125
2021-08-30,2909.389892578125,3421.570068359375
2021-08-31,2909.239990234375,3470.7900390625
2021-09-01,2916.840087890625,3479.0
2021-09-02,2884.3798828125,3463.1201171875
2021-09-03,2895.5,3478.050048828125
2021-09-07,2910.3798828125,3509.2900390625
2021-09-08,2897.669921875,3525.5
2021-09-09,2898.27001953125,3484.159912109375
2021-09-10,2838.419921875,3469.14990234375
2021-09-13,2869.300048828125,3457.169921875
2021-09-14,2868.1201171875,3450.0
2021-09-15,2904.1201171875,3475.7900390625
2021-09-16,2887.469970703125,3488.239990234375
2021-09-17,2829.27001953125,3462.52001953125
2021-09-20,2780.340087890625,3355.72998046875
2021-09-21,2792.929931640625,3343.6298828125
2021-09-22,2818.77001953125,3380.050048828125
2021-09-23,2836.530029296875,3416.0
2021-09-24,2852.659912109375,3425.52001953125
2021-09-27,2830.02001953125,3405.800048828125
2021-09-28,2723.679931640625,3315.9599609375
2021-09-29,2690.419921875,3301.1201171875
2021-09-30,2665.31005859375,3285.0400390625
2021-10-01,2729.25,3283.260009765625
2021-10-04,2675.300048828125,3189.780029296875
2021-10-05,2723.5400390625,3221.0
2021-10-06,2747.080078125,3262.010009765625
2021-10-07,2783.7099609375,3302.429931640625
2021-10-08,2801.1201171875,3288.6201171875
2021-10-11,2776.949951171875,3246.300048828125
2021-10-12,2734.260009765625,3247.330078125
2021-10-13,2758.0,3284.280029296875
2021-10-14,2828.239990234375,3299.860107421875
2021-10-15,2833.5,3409.02001953125
2021-10-18,2859.2099609375,3446.739990234375
2021-10-19,2876.43994140625,3444.14990234375
2021-10-20,2848.300048828125,3415.06005859375
2021-10-21,2855.610107421875,3435.010009765625
2021-10-22,2772.5,3335.550048828125
2021-10-25,2775.4599609375,3320.3701171875
2021-10-26,2793.43994140625,3376.070068359375
2021-10-27,2928.550048828125,3392.489990234375
2021-10-28,2922.580078125,3446.570068359375
2021-10-29,2965.409912109375,3372.429931640625
2021-11-01,2875.47998046875,3318.110107421875
2021-11-02,2917.260009765625,3312.75
2021-11-03,2935.800048828125,3384.0
2021-11-04,2973.659912109375,3477.0
2021-11-05,2984.820068359375,3518.989990234375
2021-11-08,2987.030029296875,3488.97998046875
2021-11-09,2984.969970703125,3576.22998046875
2021-11-10,2932.52001953125,3482.050048828125
2021-11-11,2934.9599609375,3472.5
2021-11-12,2992.909912109375,3525.14990234375
2021-11-15,2987.760009765625,3545.679931640625
2021-11-16,2981.52001953125,3540.699951171875
2021-11-17,2981.239990234375,3549.0
2021-11-18,3014.179931640625,3696.06005859375
2021-11-19,2999.050048828125,3676.570068359375
2021-11-22,2941.570068359375,3572.570068359375
2021-11-23,2935.139892578125,3580.0400390625
2021-11-24,2934.35009765625,3580.409912109375
2021-11-26,2856.1201171875,3504.56005859375
2021-11-29,2922.280029296875,3561.570068359375
2021-11-30,2849.0400390625,3507.070068359375
2021-12-01,2832.360107421875,3443.719970703125
2021-12-02,2875.530029296875,3437.360107421875
2021-12-03,2850.409912109375,3389.7900390625
2021-12-06,2875.929931640625,3427.3701171875
2021-12-07,2960.72998046875,3523.2900390625
2021-12-08,2974.409912109375,3523.159912109375
2021-12-09,2962.1201171875,3483.419921875
2021-12-10,2973.5,3444.239990234375
2021-12-13,2934.090087890625,3391.35009765625
2021-12-14,2899.409912109375,3381.830078125
2021-12-15,2947.3701171875,3466.300048828125
2021-12-16,2896.77001953125,3377.419921875
2021-12-17,2856.06005859375,3400.35009765625
2021-12-20,2848.030029296875,3341.580078125
2021-12-21,2853.856201171875,3339.9599609375
